Date,Item,Material,Supplier,Cost Price,Sale Price,Quantity_Sold,Stock_Level,Fabric_Category
2023-11-04,Cotton saree,Cotton,Emco textiles,300.0,330.0,112,22,Formal
2023-12-18,Blouse piece,Cotton,Shree fabrics,40.0,50.0,189,29,Formal
2023-03-07,Lungi,Cotton,Shree Ram textiles,100.0,120.0,102,22,Festive
2024-04-04,Saree,Silk,Sri Lakshmi silks,600.0,700.0,24,194,Festive
2023-12-13,Churidhar,Cotton,Vasanth textiles,250.0,300.0,116,45,Casual
2023-11-21,Bedsheet,Cotton,RR Textiles,180.0,210.0,81,167,Formal
2024-10-28,Handkerchief,Cotton,Sai Ram fabrics,20.0,25.0,198,185,Casual
2024-08-21,Saree,Chiffon,Ravi textiles,400.0,450.0,30,193,Casual
2023-02-02,Pillow cover,Cotton,RSN textiles,30.0,40.0,112,22,Casual
2023-03-09,Shirt,Cotton,Sri Velavan textiles,200.0,230.0,131,26,Casual
2023-07-06,Blouse,Cotton,Sathya textiles,70.0,80.0,84,187,Formal
2023-07-11,Kurti,Rayon,Swastik textiles,320.0,350.0,97,184,Casual
2023-08-01,Pajamas,Cotton,Vimal textiles,150.0,170.0,126,36,Formal
2024-08-22,Skirt,Silk,Amrit textiles,420.0,470.0,109,32,Formal
2024-03-03,Bedsheet,Linen,Sadhna textiles,250.0,280.0,113,17,Festive
2023-12-17,Towel,Cotton,Sri textiles,100.0,110.0,161,17,Formal
2023-04-18,Dupatta,Georgette,Rajesh textiles,180.0,210.0,140,35,Festive
2023-08-28,Saree,Cotton,Amba textiles,300.0,340.0,159,22,Formal
2023-08-04,Nighty,Silk,Manav textiles,400.0,450.0,62,186,Formal
2023-06-26,T-shirt,Cotton,Sri Velavan textiles,220.0,250.0,11,158,Formal
2024-07-18,Scarf,Wool,Sharma textiles,150.0,180.0,97,109,Festive
2023-11-26,Suit,Linen,Shree fabrics,500.0,550.0,167,34,Festive
2024-07-14,Shawl,Pashmina,Sri Kashmir Handlooms,1000.0,1200.0,47,165,Casual
2024-09-17,Dupatta,Chiffon,Om textiles,180.0,220.0,139,11,Festive
2024-03-25,Socks,Wool,RR textiles,50.0,60.0,197,27,Festive
2024-08-29,Saree,Silk,Balaji textiles,650.0,700.0,30,116,Festive
2024-03-22,Jeans,Denim,Denim World,400.0,450.0,170,39,Festive
2024-06-20,Kurta,Cotton,Swastik textiles,320.0,350.0,67,115,Casual
2024-10-05,Jacket,Leather,Leather Craft India,1500.0,1700.0,31,115,Festive
2023-06-28,Towel,Cotton,Sri textiles,100.0,120.0,98,145,Formal
2024-01-30,Bedsheet,Cotton,RR Textiles,180.0,220.0,58,138,Formal
2023-05-25,Blouse,Cotton,Shree fabrics,70.0,90.0,68,130,Festive
2023-07-17,Skirt,Linen,Royal Fabrics,200.0,230.0,179,195,Festive
2023-03-25,Kurta,Cotton,Vasanth Textiles,320.0,360.0,197,22,Formal
2024-10-30,Bedsheet,Linen,Sadhna Textiles,250.0,280.0,24,110,Formal
2023-03-26,T-shirt,Cotton,Sri Velavan Textiles,220.0,260.0,199,39,Casual
2024-04-01,Pajamas,Rayon,Vimal Textiles,170.0,200.0,199,30,Formal
2024-04-20,Dupatta,Silk,Balaji Textiles,280.0,320.0,184,26,Formal
2023-09-10,Scarf,Cotton,RR Textiles,120.0,150.0,199,49,Festive
2023-03-13,Nighty,Silk,Manav Textiles,400.0,450.0,60,149,Formal
2023-08-11,Skirt,Chiffon,Ravi Textiles,300.0,340.0,117,114,Casual
2023-10-03,Blouse,Cotton,Shree Fabrics,80.0,100.0,64,194,Formal
2023-09-03,Lungi,Cotton,Shree Ram Textiles,100.0,130.0,73,180,Festive
2023-12-07,Dupatta,Georgette,Om Textiles,180.0,220.0,140,40,Festive
2024-07-26,Saree,Chiffon,Ravi Textiles,400.0,450.0,60,174,Formal
2024-04-15,Pillow cover,Cotton,RSN Textiles,30.0,40.0,144,39,Festive
2024-03-29,Shirt,Cotton,Sri Velavan Textiles,200.0,230.0,30,195,Casual
2023-01-07,Kurta,Rayon,Swastik Textiles,300.0,340.0,82,123,Casual
2023-07-07,Pajamas,Linen,Vimal Textiles,200.0,230.0,176,10,Formal
2023-01-04,Nighty,Cotton,Manav Textiles,350.0,400.0,27,191,Formal
2024-10-06,Bedsheet,Cotton,RR Textiles,200.0,240.0,141,20,Formal
2023-05-05,Saree,Silk,Balaji Textiles,600.0,650.0,98,170,Festive
2023-01-15,Handkerchief,Cotton,Sai Ram Fabrics,20.0,30.0,69,101,Casual
2024-06-08,T-shirt,Cotton,Sri Velavan Textiles,220.0,250.0,23,123,Casual
2024-09-21,Pajamas,Rayon,Vimal Textiles,160.0,180.0,18,103,Festive
2023-08-28,Saree,Silk,Emco Textiles,700.0,750.0,99,118,Casual
2023-12-26,Lungi,Cotton,Shree Ram Textiles,100.0,120.0,62,103,Formal
2024-06-01,Bedsheet,Cotton,RR Textiles,180.0,210.0,139,42,Formal
2023-11-16,Saree,Silk,Sri Lakshmi Silks,650.0,700.0,93,139,Formal
2023-08-19,Blouse,Cotton,Sathya Textiles,70.0,90.0,101,17,Casual
2023-01-30,Pillow cover,Cotton,RSN Textiles,30.0,40.0,120,82,Formal
2024-06-17,Shirt,Cotton,Sri Velavan Textiles,200.0,220.0,197,66,Festive
2023-06-05,Blouse,Silk,Shree Fabrics,120.0,140.0,181,21,Festive
2024-09-21,Kurta,Cotton,Vasanth Textiles,320.0,360.0,17,111,Casual
2024-12-05,Skirt,Linen,Royal Fabrics,220.0,250.0,184,49,Festive
2024-02-03,Saree,Chiffon,Ravi Textiles,400.0,450.0,44,126,Festive
2023-12-12,Dupatta,Silk,Balaji Textiles,280.0,320.0,90,153,Casual
2023-07-14,Lungi,Cotton,Shree Ram Textiles,100.0,130.0,173,40,Formal
2023-06-17,Handkerchief,Cotton,Sai Ram Fabrics,20.0,25.0,59,148,Formal
2024-01-12,Towel,Cotton,Sri Textiles,100.0,120.0,113,42,Formal
2024-05-03,Skirt,Rayon,Royal Fabrics,240.0,280.0,141,41,Casual
2023-12-28,Kurta,Linen,Swastik Textiles,300.0,340.0,11,159,Festive
2024-04-26,Pajamas,Cotton,Vimal Textiles,150.0,170.0,143,30,Formal
2023-09-01,Bedsheet,Cotton,RR Textiles,180.0,210.0,63,90,Formal
2024-08-03,Saree,Silk,Sri Lakshmi Silks,700.0,750.0,115,49,Casual
2024-08-29,Dupatta,Cotton,Om Textiles,200.0,240.0,13,137,Formal
2024-08-11,Shirt,Linen,Sri Velavan Textiles,250.0,280.0,63,127,Casual
2023-06-20,Pillow cover,Cotton,RSN Textiles,40.0,50.0,155,31,Festive
2024-05-27,Kurta,Rayon,Vasanth Textiles,350.0,380.0,53,195,Casual
2024-02-10,Blouse,Cotton,Shree Fabrics,70.0,90.0,171,46,Casual
2024-07-27,Handkerchief,Cotton,Sai Ram Fabrics,20.0,25.0,199,17,Casual
2023-07-26,Skirt,Chiffon,Ravi Textiles,300.0,340.0,23,141,Casual
2023-06-03,Pajamas,Linen,Vimal Textiles,200.0,230.0,104,44,Festive
2023-02-17,Saree,Chiffon,Emco Textiles,450.0,500.0,57,196,Festive
2024-10-10,Bedsheet,Cotton,RR Textiles,180.0,220.0,24,176,Formal
2023-01-01,Shirt,Cotton,Sri Velavan Textiles,200.0,230.0,199,30,Festive
2024-02-11,Dupatta,Silk,Balaji Textiles,280.0,320.0,49,146,Festive
2023-04-17,Lungi,Cotton,Shree Ram Textiles,100.0,120.0,91,71,Formal
2023-06-22,Blouse,Cotton,Shree Fabrics,70.0,90.0,120,28,Festive
2024-05-20,Pajamas,Cotton,Vimal Textiles,150.0,170.0,62,121,Casual
2023-05-10,Handkerchief,Cotton,Sai Ram Fabrics,20.0,25.0,33,156,Casual
2024-02-02,Skirt,Chiffon,Ravi Textiles,300.0,350.0,163,78,Formal
2023-10-21,Bedsheet,Linen,Sadhna Textiles,250.0,280.0,197,15,Formal
2024-07-05,T-shirt,Cotton,Sri Velavan Textiles,200.0,230.0,133,45,Formal
2024-03-22,Lungi,Cotton,Shree Ram Textiles,110.0,140.0,50,179,Casual
2023-01-16,Pajamas,Rayon,Vimal Textiles,180.0,210.0,166,37,Festive
2024-09-30,Kurta,Linen,Swastik Textiles,320.0,360.0,24,83,Casual
2023-12-15,Dupatta,Silk,Balaji Textiles,280.0,320.0,54,189,Formal
2023-07-22,Saree,Silk,Sri Lakshmi Silks,650.0,700.0,74,188,Festive
2023-05-14,Handkerchief,Cotton,Sai Ram Fabrics,20.0,25.0,98,72,Festive
2024-06-09,Pillow cover,Cotton,RSN Textiles,30.0,40.0,80,111,Casual
2024-05-22,Shirt,Linen,Sri Velavan Textiles,250.0,280.0,18,139,Formal
2023-03-07,Bedsheet,Cotton,RR Textiles,180.0,210.0,97,172,Casual
2024-04-24,Saree,Chiffon,Ravi Textiles,400.0,450.0,138,22,Festive
2024-04-03,Skirt,Linen,Royal Fabrics,220.0,250.0,145,41,Casual
2023-12-08,Pajamas,Cotton,Vimal Textiles,150.0,180.0,72,172,Casual
2024-12-07,Kurta,Rayon,Vasanth Textiles,340.0,380.0,148,50,Formal
2024-09-17,Blouse,Cotton,Sathya Textiles,70.0,90.0,90,195,Formal
2023-06-08,Saree,Silk,Emco Textiles,700.0,750.0,145,28,Festive
2023-06-10,Dupatta,Cotton,Om Textiles,200.0,230.0,172,44,Casual
2023-09-11,Lungi,Cotton,Shree Ram Textiles,110.0,140.0,172,49,Casual
2024-06-10,Blouse,Silk,Shree Fabrics,130.0,150.0,42,138,Casual
2024-07-02,Skirt,Chiffon,Ravi Textiles,300.0,340.0,132,10,Festive
2023-06-04,T-shirt,Cotton,Sri Velavan Textiles,200.0,230.0,14,165,Festive
2024-04-30,Kurta,Linen,Swastik Textiles,320.0,360.0,50,94,Formal
2024-03-07,Bedsheet,Cotton,RR Textiles,180.0,210.0,37,150,Formal
2023-01-27,Pillow cover,Cotton,RSN Textiles,30.0,40.0,144,21,Formal
2023-01-12,Blouse,Cotton,Shree Fabrics,70.0,90.0,81,123,Casual
2023-03-08,Dupatta,Silk,Balaji Textiles,280.0,320.0,21,126,Casual
2024-06-25,Lungi,Cotton,Shree Ram Textiles,110.0,130.0,171,25,Formal
2023-04-06,Shirt,Linen,Sri Velavan Textiles,250.0,280.0,42,130,Casual
2023-08-03,Saree,Chiffon,Ravi Textiles,400.0,450.0,57,156,Formal
2023-07-13,Skirt,Linen,Royal Fabrics,220.0,250.0,160,182,Festive
2024-10-08,Pajamas,Cotton,Vimal Textiles,150.0,180.0,71,165,Formal
2023-10-17,Kurta,Rayon,Vasanth Textiles,340.0,380.0,46,128,Festive
2024-06-27,Handkerchief,Cotton,Sai Ram Fabrics,20.0,25.0,108,125,Casual
2023-02-08,Pajamas,Rayon,Vimal Textiles,180.0,210.0,181,40,Formal
2023-07-25,Saree,Silk,Sri Lakshmi Silks,650.0,700.0,113,33,Casual
2024-07-08,Blouse,Cotton,Sathya Textiles,70.0,90.0,44,127,Festive
2024-04-28,Bedsheet,Linen,Sadhna Textiles,250.0,280.0,110,54,Festive
2023-12-03,Saree,Silk,Emco Textiles,700.0,750.0,184,43,Festive
2024-05-10,Handkerchief,Cotton,Sai Ram Fabrics,20.0,25.0,140,12,Casual
2023-09-06,Dupatta,Cotton,Om Textiles,200.0,230.0,10,109,Casual
2023-03-15, T-shirt, Cotton, Sri Velavan Textiles,220.0,250.0,14,73,Casual
2024-01-08, Lungi, Cotton, Shree Ram Textiles,100.0,130.0,151,147,Casual
2024-12-02, Kurta, Linen, Swastik Textiles,320.0,360.0,112,101,Festive
2023-05-18, Saree, Chiffon, Ravi Textiles,400.0,450.0,36,35,Festive
2024-04-01, Blouse, Silk, Shree Fabrics,130.0,150.0,146,103,Formal
2024-03-19, Dupatta, Cotton, Balaji Textiles,280.0,320.0,24,37,Formal
2023-12-19, Pillow cover, Cotton, RSN Textiles,30.0,40.0,99,131,Casual
2024-02-15, Bedsheet, Cotton, RR Textiles,200.0,230.0,51,82,Festive
2024-11-08, Skirt, Linen, Royal Fabrics,250.0,280.0,133,79,Festive
2024-06-21, Pajamas, Cotton, Vimal Textiles,150.0,180.0,188,142,Festive
2024-03-28, T-shirt, Cotton, Sri Velavan Textiles,220.0,250.0,72,198,Formal
2024-02-23, Kurta, Rayon, Vasanth Textiles,340.0,380.0,105,97,Formal
2024-03-25, Handkerchief, Cotton, Sai Ram Fabrics,20.0,25.0,61,80,Festive
2024-08-07, Saree, Silk, Sri Lakshmi Silks,650.0,700.0,105,134,Festive
2023-04-25, Dupatta, Silk, Emco Textiles,280.0,320.0,141,74,Festive
2023-02-20, Blouse, Cotton, Sathya Textiles,70.0,90.0,160,143,Formal
2024-01-04, Pajamas, Cotton, Vimal Textiles,150.0,180.0,152,123,Festive
2024-11-13, Skirt, Chiffon, Ravi Textiles,300.0,340.0,180,171,Festive
2024-05-29, Shirt, Linen, Sri Velavan Textiles,250.0,280.0,38,87,Casual
2023-07-29, Bedsheet, Cotton, RR Textiles,180.0,210.0,45,198,Casual
2024-09-18, T-shirt, Cotton, Sri Velavan Textiles,220.0,250.0,22,163,Formal
2024-11-09, Lungi, Cotton, Shree Ram Textiles,100.0,130.0,169,97,Festive
2024-03-10, Kurta, Linen, Swastik Textiles,320.0,360.0,80,33,Festive
2023-08-15, Saree, Chiffon, Ravi Textiles,400.0,450.0,196,85,Casual
2024-10-24, Blouse, Silk, Shree Fabrics,130.0,150.0,95,50,Formal
2023-09-25, Dupatta, Cotton, Balaji Textiles,280.0,320.0,37,83,Casual
2023-04-26, Pillow cover, Cotton, RSN Textiles,30.0,40.0,75,137,Casual
2024-08-22, Bedsheet, Cotton, RR Textiles,200.0,230.0,179,103,Casual
2023-12-26, Skirt, Linen, Royal Fabrics,250.0,280.0,54,83,Casual
2023-11-25, Pajamas, Cotton, Vimal Textiles,150.0,180.0,71,97,Festive
2023-02-09, T-shirt, Cotton, Sri Velavan Textiles,220.0,250.0,194,54,Festive
2023-07-01, Kurta, Rayon, Vasanth Textiles,340.0,380.0,143,98,Casual
2024-05-04, Handkerchief, Cotton, Sai Ram Fabrics,20.0,25.0,37,163,Formal
2023-07-28, Saree, Silk, Sri Lakshmi Silks,650.0,700.0,37,164,Formal
2023-09-30, Dupatta, Silk, Emco Textiles,280.0,320.0,117,100,Formal
2023-04-29, Blouse, Cotton, Sathya Textiles,70.0,90.0,53,127,Formal
2024-01-17, Pajamas, Cotton, Vimal Textiles,150.0,180.0,93,49,Casual
2024-06-19, Skirt, Chiffon, Ravi Textiles,300.0,340.0,39,164,Festive
2023-09-15, Shirt, Linen, Sri Velavan Textiles,250.0,280.0,199,80,Formal
2024-04-27, Bedsheet, Cotton, RR Textiles,180.0,210.0,84,60,Casual
2024-05-23, T-shirt, Cotton, Sri Velavan Textiles,220.0,250.0,137,141,Formal
2023-04-02, Lungi, Cotton, Shree Ram Textiles,100.0,130.0,101,107,Formal
2023-06-10, Kurta, Linen, Swastik Textiles,140.0,170.0,199,14,Casual
2023-05-29, Saree, Chiffon, Ravi Textiles,400.0,450.0,138,143,Festive
2023-04-27, Blouse, Silk, Shree Fabrics,130.0,150.0,130,88,Festive
2024-04-02, Dupatta, Cotton, Balaji Textiles,280.0,320.0,36,51,Casual
2024-07-18, Pillow cover, Cotton, RSN Textiles,30.0,40.0,199,144,Festive
2023-02-14, Bedsheet, Cotton, RR Textiles,200.0,230.0,130,182,Casual
2023-08-22, Skirt, Linen, Royal Fabrics,250.0,280.0,125,96,Casual
2024-01-10, Pajamas, Cotton, Vimal Textiles,150.0,180.0,12,97,Casual
2024-06-30, T-shirt, Cotton, Sri Velavan Textiles,220.0,250.0,112,50,Festive
2023-07-16, Kurta, Rayon, Vasanth Textiles,340.0,380.0,164,180,Casual
2023-01-25, Handkerchief, Cotton, Sai Ram Fabrics,20.0,25.0,146,133,Formal
2024-01-30, Saree, Silk, Sri Lakshmi Silks,650.0,700.0,71,82,Festive
2024-12-14, Dupatta, Silk, Emco Textiles,280.0,320.0,174,113,Festive
2023-02-05, Blouse, Cotton, Sathya Textiles,70.0,90.0,60,199,Festive
2024-04-18, Pajamas, Cotton, Vimal Textiles,150.0,180.0,181,55,Festive
2023-08-11, Skirt, Chiffon, Ravi Textiles,300.0,340.0,161,39,Formal
2024-06-13, Shirt, Linen, Sri Velavan Textiles,250.0,280.0,68,194,Festive
2023-07-07, Bedsheet, Cotton, RR Textiles,180.0,210.0,127,33,Festive
2024-02-06, T-shirt, Cotton, Sri Velavan Textiles,220.0,250.0,169,184,Casual
2023-09-14, Lungi, Cotton, Shree Ram Textiles,100.0,130.0,105,192,Festive
2024-10-15, Kurta, Linen, Swastik Textiles,320.0,360.0,189,191,Formal
2023-05-16, Saree, Chiffon, Ravi Textiles,400.0,450.0,122,170,Formal
2024-08-13, Blouse, Silk, Shree Fabrics,130.0,150.0,71,140,Formal
2024-03-19, Dupatta, Cotton, Balaji Textiles,280.0,320.0,195,67,Formal
2024-02-22, Pillow cover, Cotton, RSN Textiles,30.0,40.0,61,104,Festive
2023-10-19, Bedsheet, Cotton, RR Textiles,200.0,230.0,21,84,Festive
2024-07-27, Skirt, Linen, Royal Fabrics,250.0,280.0,48,171,Formal
2023-05-09, Pajamas, Cotton, Vimal Textiles,150.0,180.0,139,199,Formal
2023-12-07, T-shirt, Cotton, Sri Velavan Textiles,220.0,250.0,140,51,Festive
2023-09-14, Kurta, Rayon, Vasanth Textiles,340.0,380.0,122,167,Formal
2024-12-24, Handkerchief, Cotton, Sai Ram Fabrics,20.0,25.0,110,190,Casual
2024-07-19, Saree, Silk, Sri Lakshmi Silks,650.0,700.0,122,109,Formal
2024-11-17, Dupatta, Silk, Emco Textiles,280.0,320.0,193,65,Formal
2023-04-10, Blouse, Cotton, Sathya Textiles,70.0,90.0,90,106,Casual
2023-02-08, Pajamas, Cotton, Vimal Textiles,150.0,180.0,196,64,Casual
2023-09-20, Skirt, Chiffon, Ravi Textiles,300.0,340.0,122,188,Festive
2023-05-30, Shirt, Linen, Sri Velavan Textiles,250.0,280.0,11,96,Festive
2024-09-24, Bedsheet, Cotton, RR Textiles,180.0,210.0,139,108,Casual
2024-11-20, T-shirt, Cotton, Sri Velavan Textiles,220.0,250.0,63,129,Casual
2023-11-26, Lungi, Cotton, Shree Ram Textiles,100.0,130.0,96,197,Festive
2023-04-30, Kurta, Linen, Swastik Textiles,320.0,360.0,138,118,Formal
2024-08-06, Saree, Chiffon, Ravi Textiles,400.0,450.0,156,142,Casual
2023-08-07, Blouse, Silk, Shree Fabrics,130.0,150.0,135,162,Festive
2023-05-03, Dupatta, Cotton, Balaji Textiles,280.0,320.0,139,102,Formal
2023-09-01, Pillow cover, Cotton, RSN Textiles,30.0,40.0,62,107,Casual
2024-08-09, Bedsheet, Cotton, RR Textiles,200.0,230.0,181,176,Formal
2024-06-01, Skirt, Linen, Royal Fabrics,250.0,280.0,169,145,Festive
2023-01-21, Pajamas, Cotton, Vimal Textiles,150.0,180.0,169,121,Casual
2023-07-09, T-shirt, Cotton, Sri Velavan Textiles,220.0,250.0,77,159,Formal
2023-08-13, Kurta, Rayon, Vasanth Textiles,340.0,380.0,192,155,Casual
2024-09-06, Handkerchief, Cotton, Sai Ram Fabrics,20.0,25.0,193,81,Formal
2024-04-10, Saree, Silk, Sri Lakshmi Silks,650.0,700.0,132,175,Festive
2023-04-09, Dupatta, Silk, Emco Textiles,280.0,320.0,154,54,Festive
2023-12-29, Blouse, Cotton, Sathya Textiles,70.0,90.0,47,90,Casual
2023-03-24, Pajamas, Cotton, Vimal Textiles,150.0,180.0,33,192,Formal
2024-11-23, Skirt, Chiffon, Ravi Textiles,300.0,340.0,78,161,Casual
2024-10-25, Shirt, Linen, Sri Velavan Textiles,250.0,280.0,125,125,Casual
2023-02-25, Bedsheet, Cotton, RR Textiles,180.0,210.0,107,167,Formal
2024-12-02, T-shirt, Cotton, Sri Velavan Textiles,220.0,250.0,148,183,Formal
2023-01-22, Lungi, Cotton, Shree Ram Textiles,100.0,130.0,153,48,Formal
2024-08-02, Kurta, Linen, Swastik Textiles,320.0,360.0,106,26,Festive
2023-07-04, Saree, Chiffon, Ravi Textiles,400.0,450.0,133,82,Casual
2024-06-05, Blouse, Silk, Shree Fabrics,130.0,150.0,196,67,Casual
2024-07-31, Dupatta, Cotton, Balaji Textiles,280.0,320.0,79,93,Festive
2023-09-21, Pillow cover, Cotton, RSN Textiles,30.0,40.0,102,103,Formal
2023-08-13, Bedsheet, Cotton, RR Textiles,200.0,230.0,12,44,Festive
2024-09-26, Skirt, Linen, Royal Fabrics,250.0,280.0,157,47,Festive
2023-02-07, Pajamas, Cotton, Vimal Textiles,150.0,180.0,196,75,Festive
2023-05-03, T-shirt, Cotton, Sri Velavan Textiles,220.0,250.0,173,102,Casual
2023-06-05, Lungi, Cotton, Shree Ram Textiles,100.0,130.0,156,135,Festive
2023-10-28, Kurta, Linen, Swastik Textiles,320.0,360.0,99,92,Casual
2023-03-08, Saree, Chiffon, Ravi Textiles,400.0,450.0,156,169,Casual
2024-10-06, Blouse, Silk, Shree Fabrics,130.0,150.0,157,186,Casual
2024-01-29, Dupatta, Cotton, Balaji Textiles,280.0,320.0,105,59,Formal
2024-10-13, Pillow cover, Cotton, RSN Textiles,30.0,40.0,61,190,Casual
2024-08-16, Bedsheet, Cotton, RR Textiles,200.0,230.0,170,114,Casual
2024-07-23, Skirt, Linen, Royal Fabrics,250.0,280.0,177,44,Formal
2024-10-22, Pajamas, Cotton, Vimal Textiles,150.0,180.0,137,61,Casual
2024-02-09, T-shirt, Cotton, Sri Velavan Textiles,220.0,250.0,48,31,Festive
2024-03-24, Kurta, Rayon, Vasanth Textiles,340.0,380.0,91,96,Festive
2023-05-11, Handkerchief, Cotton, Sai Ram Fabrics,20.0,25.0,113,54,Casual
2023-03-10, Saree, Silk, Sri Lakshmi Silks,650.0,700.0,138,198,Formal
2023-12-11, Dupatta, Silk, Emco Textiles,280.0,320.0,20,176,Festive
2023-11-16, Blouse, Cotton, Sathya Textiles,70.0,90.0,194,34,Formal
2023-06-26, Pajamas, Cotton, Vimal Textiles,150.0,180.0,187,140,Formal
2024-08-06, Skirt, Chiffon, Ravi Textiles,300.0,340.0,160,67,Festive
2024-06-12, Shirt, Linen, Sri Velavan Textiles,250.0,280.0,168,72,Formal
2023-06-09, Bedsheet, Cotton, RR Textiles,180.0,210.0,51,43,Festive
2024-08-04, T-shirt, Cotton, Sri Velavan Textiles,220.0,250.0,108,184,Formal
2024-09-16, Lungi, Cotton, Shree Ram Textiles,100.0,130.0,16,166,Festive
2024-06-16, Kurta, Linen, Swastik Textiles,320.0,360.0,153,131,Casual
2023-05-15, Saree, Chiffon, Ravi Textiles,400.0,450.0,99,191,Festive
2023-04-21, Blouse, Silk, Shree Fabrics,130.0,150.0,121,34,Festive
2023-10-10, Dupatta, Cotton, Balaji Textiles,280.0,320.0,69,62,Festive
2024-06-03, Pillow cover, Cotton, RSN Textiles,30.0,40.0,122,38,Festive
2024-12-19, Bedsheet, Cotton, RR Textiles,200.0,230.0,11,124,Formal
2023-07-13, Skirt, Linen, Royal Fabrics,250.0,280.0,138,169,Casual
2023-02-16, Pajamas, Cotton, Vimal Textiles,150.0,180.0,57,56,Festive
2023-12-08, T-shirt, Cotton, Sri Velavan Textiles,220.0,250.0,149,197,Formal
2023-08-30, Lungi, Cotton, Shree Ram Textiles,100.0,130.0,46,188,Casual
2024-06-05, Kurta, Linen, Swastik Textiles,320.0,360.0,169,46,Casual
2024-01-05, Saree, Chiffon, Ravi Textiles,400.0,450.0,18,154,Casual
2023-05-11, Blouse, Silk, Shree Fabrics,130.0,150.0,108,51,Casual
2023-09-27, Dupatta, Cotton, Balaji Textiles,280.0,320.0,156,177,Festive
2023-03-02, Pillow cover, Cotton, RSN Textiles,30.0,40.0,57,71,Festive
2023-06-13, Bedsheet, Cotton, RR Textiles,200.0,230.0,140,125,Formal
2024-06-08, Skirt, Linen, Royal Fabrics,250.0,280.0,157,135,Formal
2023-09-29, Pajamas, Cotton, Vimal Textiles,150.0,180.0,161,60,Formal
2024-12-20, T-shirt, Cotton, Sri Velavan Textiles,220.0,250.0,63,58,Casual
2023-05-13, Kurta, Rayon, Vasanth Textiles,340.0,380.0,129,157,Casual
2023-09-01, Handkerchief, Cotton, Sai Ram Fabrics,320.0,327.0,170,44,Festive
2024-03-09, Saree, Silk, Sri Lakshmi Silks,650.0,700.0,161,192,Casual
2023-02-07, Dupatta, Silk, Emco Textiles,280.0,320.0,125,154,Casual
2024-07-21, Blouse, Cotton, Sathya Textiles,70.0,90.0,84,188,Casual
2023-11-15, Pajamas, Cotton, Vimal Textiles,150.0,180.0,122,56,Formal
2024-05-24, Skirt, Chiffon, Ravi Textiles,300.0,340.0,173,65,Formal
2024-01-11, Shirt, Linen, Sri Velavan Textiles,250.0,280.0,175,87,Festive
2024-07-13, Bedsheet, Cotton, RR Textiles,180.0,210.0,113,142,Casual
2024-09-08, T-shirt, Cotton, Sri Velavan Textiles,220.0,250.0,93,90,Casual
2024-04-18, Kurta, Rayon, Vasanth Textiles,340.0,380.0,121,181,Festive
2023-02-28, Handkerchief, Cotton, Sai Ram Fabrics,20.0,25.0,108,42,Casual
2024-08-11, Saree, Silk, Sri Lakshmi Silks,650.0,700.0,162,124,Casual
2024-05-13, Dupatta, Silk, Emco Textiles,280.0,320.0,102,87,Formal
2023-08-06, Blouse, Cotton, Sathya Textiles,70.0,90.0,155,186,Festive
2024-07-20, Pajamas, Cotton, Vimal Textiles,150.0,180.0,137,86,Festive
2024-07-20, Skirt, Chiffon, Ravi Textiles,300.0,340.0,119,83,Festive
2023-05-09, Shirt, Linen, Sri Velavan Textiles,250.0,280.0,91,146,Festive
2024-01-18, Bedsheet, Cotton, RR Textiles,180.0,210.0,63,166,Formal
2024-01-23, T-shirt, Cotton, Sri Velavan Textiles,220.0,250.0,172,173,Formal
2023-03-26, Kurta, Rayon, Vasanth Textiles,340.0,380.0,198,46,Casual
2024-05-24, Handkerchief, Cotton, Sai Ram Fabrics,20.0,25.0,178,183,Casual
2024-12-26, Saree, Silk, Sri Lakshmi Silks,650.0,700.0,170,113,Casual
2024-09-18, Dupatta, Silk, Emco Textiles,280.0,320.0,77,188,Casual
2024-03-12, Blouse, Cotton, Sathya Textiles,70.0,90.0,42,196,Formal
2023-10-20, Pajamas, Cotton, Vimal Textiles,150.0,180.0,151,147,Festive
2023-02-18, Skirt, Chiffon, Ravi Textiles,300.0,340.0,30,37,Formal
2023-03-08, Shirt, Linen, Sri Velavan Textiles,250.0,280.0,57,185,Casual
2023-05-09, Bedsheet, Cotton, RR Textiles,180.0,210.0,157,61,Formal
2023-01-29, T-shirt, Cotton, Sri Velavan Textiles,220.0,250.0,137,192,Festive
2023-12-09, Kurta, Rayon, Vasanth Textiles,340.0,380.0,145,96,Festive
2024-06-28, Handkerchief, Cotton, Sai Ram Fabrics,20.0,25.0,144,59,Formal
2023-04-29, Saree, Silk, Sri Lakshmi Silks,650.0,700.0,154,121,Formal
2024-11-22, Dupatta, Silk, Emco Textiles,280.0,320.0,137,125,Formal
2024-10-24, Blouse, Cotton, Sathya Textiles,70.0,90.0,42,113,Casual
2023-05-13, Pajamas, Cotton, Vimal Textiles,150.0,180.0,185,88,Formal
2023-11-23, Skirt, Chiffon, Ravi Textiles,300.0,340.0,196,51,Formal
2023-07-04, Shirt, Linen, Sri Velavan Textiles,250.0,280.0,124,71,Formal
2024-05-20, Bedsheet, Cotton, RR Textiles,180.0,210.0,128,90,Festive
2024-10-07, T-shirt, Cotton, Sri Velavan Textiles,220.0,250.0,31,156,Festive
2024-11-19, Kurta, Rayon, Vasanth Textiles,340.0,380.0,167,124,Casual
2024-06-17, Handkerchief, Cotton, Sai Ram Fabrics,20.0,25.0,47,67,Casual
2023-08-29, Saree, Silk, Sri Lakshmi Silks,650.0,700.0,118,49,Festive
2024-08-11, Dupatta, Silk, Emco Textiles,280.0,320.0,60,88,Festive
2024-12-16, Blouse, Cotton, Sathya Textiles,70.0,90.0,191,179,Festive
2024-05-30, Pajamas, Cotton, Vimal Textiles,150.0,180.0,17,184,Formal
2023-06-14, Skirt, Chiffon, Ravi Textiles,300.0,340.0,36,38,Formal
2024-10-01, Shirt, Linen, Sri Velavan Textiles,250.0,280.0,36,124,Festive
2024-07-10, Bedsheet, Cotton, RR Textiles,180.0,210.0,30,48,Formal
2023-08-06, T-shirt, Cotton, Sri Velavan Textiles,220.0,250.0,39,56,Formal
2024-10-09, Kurta, Rayon, Vasanth Textiles,340.0,250.0,106,27,Casual
2024-11-10, Stole, Silk, Trendy Textiles,150.0,180.0,37,156,Festive
2024-08-27, Leggings, Cotton, Fashion Hub,200.0,250.0,120,81,Festive
2023-01-05, Kurti, Rayon, Ethnic Styles,400.0,450.0,70,135,Formal
2024-10-29, Waistcoat, Wool, Royal Attire,700.0,800.0,57,165,Festive
2023-03-22, Cape, Chiffon, Modern Designs,350.0,400.0,156,166,Casual
2023-09-04, Trousers, Cotton, Everyday Wear,300.0,350.0,13,164,Casual
2024-05-07, Blazer, Linen, Classic Fit,1000.0,1100.0,44,173,Casual
2024-10-10, Maxi Dress, Georgette, Summer Vibes,600.0,700.0,58,44,Festive
2024-01-21, Nightgown, Satin, Dreamy Fabrics,400.0,450.0,26,156,Festive
2024-07-28, Poncho, Wool, Winter Wear,500.0,550.0,181,115,Festive
2023-11-03, Jumpsuit, Cotton, Fashion Forward,800.0,900.0,167,166,Festive
2024-09-19, Cape, Velvet, Festive Looks,700.0,800.0,55,38,Festive
2024-09-16, Shrug, Chiffon, Light Layers,250.0,300.0,126,122,Casual
2024-06-26, Dhoti, Cotton, Traditional Styles,600.0,650.0,15,166,Formal
2023-01-07, Cardigan, Wool, Cozy Knit,400.0,450.0,108,78,Casual
2024-05-29, Tunic, Linen, Breezy Fit,300.0,350.0,133,114,Festive
2024-07-21, A-line Dress, Georgette, Elegant Fashion,800.0,900.0,46,157,Casual
2023-03-14, Skirt, Satin, Stylish Flare,500.0,600.0,33,33,Festive
2023-01-10, Culottes, Cotton, Trendy Trousers,400.0,450.0,102,171,Festive
2024-07-26, Sweatshirt, Polyester, Casual Comfort,300.0,350.0,55,78,Casual
2024-07-15, Peplum Top, Chiffon, Stylish Silhouette,450.0,500.0,190,55,Festive
2023-05-02, Anarkali, Silk, Regal Look,1200.0,1300.0,104,154,Formal
2024-11-17, T-shirt, Cotton, Casual Wear,150.0,180.0,108,44,Festive
2024-05-27, Duster Coat, Wool, Fashion Layers,600.0,700.0,197,75,Formal
2024-03-16, Kaftan, Rayon, Breezy Fit,500.0,550.0,125,89,Formal
2023-02-07, Mini Skirt, Denim, Stylish Casual,400.0,450.0,169,60,Festive
2024-12-02, Lingerie Set, Lace, Elegant Comfort,700.0,800.0,170,166,Casual
2024-08-13, Overcoat, Wool, Chic Winter,1200.0,1300.0,76,81,Formal
2023-12-11, Palazzo Pants, Linen, Fashion Forward,500.0,600.0,137,36,Casual
2023-12-04, Long Skirt, Georgette, Flowing Style,800.0,900.0,27,200,Formal
2024-12-02, Cropped Top, Cotton, Summer Style,200.0,250.0,34,179,Festive
2023-07-03, Jumpsuit, Silk, Fashion Elegance,900.0,1000.0,63,107,Festive
2023-03-08, Wrap Dress, Chiffon, Stylish Look,700.0,800.0,67,43,Formal
2023-01-17, Puffer Jacket, Polyester, Winter Warmth,800.0,900.0,76,52,Festive
2024-01-18, Tunic Dress, Rayon, Everyday Wear,500.0,600.0,113,116,Formal
2024-01-03, Bodycon Dress, Lycra, Party Glam,900.0,1000.0,183,97,Festive
2023-11-12, Cardigan, Cotton, Layering Essentials,400.0,450.0,33,67,Casual
2024-05-11, Kimono, Silk, Stylish Wrap,600.0,700.0,123,146,Festive
2024-12-21, Long Sleeve Shirt, Cotton, Smart Casual,300.0,350.0,41,58,Casual
2023-12-11, Palazzo, Chiffon, Flowy Style,500.0,600.0,184,102,Festive
2024-07-06, Cropped Hoodie, Polyester, Urban Fashion,400.0,450.0,95,94,Casual
2024-04-17, Shift Dress, Georgette, Effortless Style,600.0,700.0,160,103,Festive
2023-04-25, Jodhpuri Suit, Silk, Traditional Elegance,1500.0,1600.0,136,158,Casual
2023-04-10, Layered Top, Cotton, Casual Comfort,300.0,350.0,164,98,Formal
2024-03-13, A-line Skirt, Linen, Summer Breeze,500.0,550.0,139,96,Formal
2023-12-11, Sports Jacket, Polyester, Active Wear,800.0,900.0,26,72,Casual
2023-12-15, Ball Gown, Satin, Glamorous Nights,2000.0,2100.0,113,47,Festive
2023-05-19, Henley Shirt, Cotton, Casual Layer,350.0,400.0,170,180,Casual
2023-11-20, Shrug, Wool, Warm Layer,500.0,600.0,146,36,Festive
2023-10-29, Pencil Skirt, Georgette, Office Chic,800.0,900.0,52,156,Formal
2023-10-21, Trench Coat, Cotton, Classic Style,1200.0,1300.0,185,32,Festive
2024-06-12, Wrap Top, Chiffon, Stylish Fit,450.0,500.0,48,60,Formal
2023-10-19, Wide-Leg Trousers, Linen, Fashion Forward,600.0,700.0,179,175,Festive
2023-03-15, Maxi Skirt, Rayon, Flowing Elegance,700.0,800.0,35,52,Festive
2024-04-28, Tank Dress, Cotton, Summer Essential,400.0,450.0,108,165,Festive
2023-01-16, Sports Leggings, Polyester, Active Lifestyle,500.0,600.0,59,161,Casual
2024-06-09, Midi Dress, Silk, Elegant Evening,800.0,900.0,162,83,Casual
2023-12-02, Flannel Shirt, Cotton, Cozy Style,350.0,400.0,161,118,Formal
2024-05-30, Evening Jacket, Velvet, Elegant Layer,900.0,1000.0,22,158,Formal
2023-05-07, Lace Top, Chiffon, Feminine Charm,500.0,600.0,69,176,Casual
2024-06-01, Tracksuit, Cotton, Athleisure Wear,700.0,800.0,144,174,Formal
2023-05-09, Graphic Tee, Cotton, Fun Fashion,200.0,250.0,66,154,Casual
2024-05-25, Cape Dress, Georgette, Stylish Flow,1000.0,1100.0,45,166,Festive
2024-02-27, Sports Shorts, Polyester, Active Comfort,250.0,300.0,182,53,Formal
2024-01-20, Midi Skirt, Linen, Classic Cut,400.0,450.0,29,160,Formal
2023-08-20, Silk Scarf, Silk, Luxury Accessory,300.0,350.0,74,168,Casual
2023-07-14, Long Cardigan, Wool, Cozy Knit,700.0,800.0,17,144,Formal
2023-03-06, Cami Top, Satin, Elegant Layering,400.0,450.0,153,108,Formal
2024-09-06, Shift Dress, Cotton, Everyday Look,500.0,600.0,151,36,Festive
2023-10-04, Palazzo Set, Silk, Stylish Comfort,1200.0,1300.0,124,182,Formal
2024-10-31, Faux Leather Jacket, Polyester, Edgy Style,900.0,1000.0,152,184,Festive
2023-08-12, Sweater Dress, Wool, Cozy Elegance,800.0,900.0,101,172,Casual
2023-10-05, Gym Leggings, Spandex, Flexible Fit,400.0,450.0,107,170,Formal
2024-11-24, Pencil Dress, Georgette, Figure-Hugging,900.0,1000.0,75,154,Festive
2024-01-01, Tulle Skirt, Cotton, Feminine Flair,500.0,600.0,41,97,Casual
2024-05-30, Oversized Hoodie, Cotton, Comfy Style,600.0,700.0,95,36,Formal
2023-08-03, Maxi Kaftan, Silk, Resort Wear,800.0,900.0,60,105,Casual
2024-03-14, Utility Jacket, Denim, Casual Chic,700.0,800.0,162,152,Formal
2024-03-03, Tunic Blouse, Chiffon, Lightweight Layer,450.0,500.0,195,53,Casual
2024-12-29, Hooded Sweatshirt, Cotton, Comfortable Fit,500.0,600.0,72,51,Casual
2024-01-31, Shift Top, Silk, Elegant Casual,600.0,700.0,199,175,Festive
2023-07-28, Denim Skirt, Cotton, Classic Style,400.0,450.0,134,75,Casual
2024-05-15, Chino Pants, Linen, Smart Casual,500.0,550.0,159,121,Formal
2024-04-07, Peasant Top, Rayon, Bohemian Vibe,300.0,350.0,67,146,Formal
2024-08-08, Evening Gown, Satin, Formal Elegance,2000.0,2100.0,67,34,Festive
2023-08-15, Asymmetric Dress, Georgette, Fashion Forward,900.0,1000.0,95,196,Formal
2024-01-10, Longline Cardigan, Wool, Stylish Layer,800.0,900.0,58,116,Formal
2024-05-14, Skorts, Cotton, Fun and Functional,400.0,450.0,189,70,Formal
2023-04-03, Button-Up Shirt, Linen, Classic Fit,350.0,400.0,179,99,Casual
2024-04-04, Floral Dress, Rayon, Summer Breeze,500.0,600.0,79,107,Casual
2024-07-30, Leather Pants, Faux Leather, Edgy Look,700.0,800.0,24,160,Formal
2023-11-17, Bolero Jacket, Cotton, Short and Stylish,400.0,450.0,63,183,Festive
2023-01-10, Wrap Skirt, Georgette, Versatile Style,500.0,600.0,197,49,Casual
2023-10-30, Crossover Top, Silk, Elegant Layering,600.0,700.0,110,157,Festive
2023-11-18, Joggers, Cotton, Relaxed Fit,300.0,350.0,17,197,Formal
2024-03-31, Skater Dress, Chiffon, Fun and Flirty,600.0,700.0,62,116,Formal
2023-10-05, V-neck T-shirt, Cotton, Simple Style,250.0,300.0,69,49,Casual
2024-08-20, Cargo Pants, Cotton, Outdoor Essential,600.0,700.0,117,163,Formal
2024-06-21, Cape Coat, Wool, Elegant Layer,1200.0,1300.0,14,105,Casual
2024-12-30, Embroidered Blouse, Chiffon, Artistic Flair,550.0,600.0,112,30,Formal
2024-01-28, Sleeveless Dress, Cotton, Summer Comfort,400.0,450.0,15,195,Formal
2023-04-05, Bomber Jacket, Polyester, Sporty Style,700.0,800.0,118,155,Casual
2023-04-17, Pencil Pants, Cotton, Office Look,600.0,650.0,125,40,Casual
2024-01-25, Pleated Skirt, Georgette, Flowing Fashion,500.0,600.0,103,88,Casual
2024-06-09, Mock Neck Sweater, Wool, Cozy Winter,700.0,800.0,56,101,Formal
2024-11-03, Sweatpants, Cotton, Relaxed Fit,350.0,400.0,108,138,Formal
2023-03-12, Kaftan Dress, Silk, Stylish and Comfortable,800.0,900.0,64,123,Festive
2024-10-25, High Waist Jeans, Denim, Trendy Fit,600.0,700.0,177,151,Casual
2024-08-09, Off-Shoulder Top, Cotton, Summer Style,300.0,350.0,61,190,Formal
2024-01-11, Longline Blazer, Linen, Office Chic,800.0,900.0,153,80,Formal
2024-12-27, Peplum Blouse, Silk, Evening Elegance,550.0,600.0,22,58,Casual
2024-01-03, Cropped Jeans, Denim, Casual Essential,400.0,450.0,123,57,Festive
2023-02-20, Pinafore Dress, Cotton, Youthful Style,500.0,600.0,133,57,Casual
2023-05-23, Turtleneck Sweater, Wool, Winter Warmth,600.0,700.0,115,143,Festive
2024-02-23, Boho Dress, Rayon, Festival Vibes,500.0,550.0,167,187,Formal
2024-07-01, Denim Shorts, Cotton, Summer Casual,350.0,400.0,156,163,Festive
2024-05-14, Flared Pants, Polyester, Retro Look,600.0,700.0,154,192,Formal
2023-06-16, Sheath Dress, Silk, Evening Glamour,900.0,1000.0,129,175,Casual
2023-09-17, Hooded Jacket, Polyester, Outdoor Comfort,800.0,900.0,72,106,Casual
2023-07-11, Palazzo Pants, Cotton, Breezy Fit,500.0,600.0,28,164,Casual
2023-07-21, Off-Shoulder Dress, Rayon, Summer Chic,600.0,700.0,101,160,Festive
2023-07-04, Kimono Wrap, Silk, Elegant Layer,700.0,800.0,67,51,Formal
2023-06-07, Bodycon Dress, Polyester, Slim Fit,550.0,600.0,192,156,Casual
2024-09-13, Jogger Pants, Cotton, Casual Comfort,400.0,450.0,99,54,Casual
2023-04-09, Blazer Dress, Wool, Winter Elegance,1200.0,1300.0,126,195,Formal
2023-08-29, Churidar, Silk, Traditional Wear,800.0,900.0,71,58,Casual
2024-05-05, Cold Shoulder Top, Chiffon, Trendy Style,400.0,450.0,32,123,Formal
2023-07-21, Pencil Dress, Cotton, Office Ready,650.0,700.0,136,117,Formal
2024-09-25, Cargo Jacket, Polyester, Utility Fashion,900.0,1000.0,146,97,Formal
2024-05-23, Tiered Skirt, Georgette, Layered Look,700.0,800.0,149,145,Formal
2024-09-20, Boxy Top, Cotton, Casual Ease,350.0,400.0,138,154,Formal
2023-04-06, Mesh Dress, Polyester, Evening Glam,1000.0,1100.0,67,139,Festive
2024-05-04, Flannel Pajamas, Cotton, Cozy Comfort,500.0,550.0,131,140,Casual
2024-08-01, Sequin Dress, Satin, Sparkling Look,1200.0,1300.0,10,126,Festive
2023-08-06, Lace Blouse, Silk, Feminine Flair,600.0,650.0,43,118,Casual
2024-06-10, Knit Sweater, Wool, Winter Warmth,800.0,900.0,105,105,Festive
2023-09-30, Track Pants, Polyester, Sports Style,400.0,450.0,135,55,Formal
2023-08-07, Crop Top, Cotton, Summer Essential,300.0,350.0,127,160,Casual
2024-10-20, Maxi Dress, Georgette, Flowing Fashion,900.0,1000.0,57,154,Casual
2023-11-28, Bomber Vest, Polyester, Sporty Layer,600.0,650.0,98,67,Festive
2024-03-28, Wide-Leg Pants, Linen, Elegant Look,500.0,600.0,126,95,Festive
2023-06-01, Romper, Rayon, Playful Style,400.0,450.0,138,142,Casual
2023-12-13, Satin Blouse, Silk, Elegant Sheen,600.0,700.0,25,58,Festive
2024-02-18, Jogging Suit, Polyester, Sport Comfort,800.0,900.0,198,183,Festive
2024-06-10, Shift Dress, Cotton, Casual Comfort,450.0,500.0,78,115,Festive
2024-03-06, Faux Fur Coat, Wool, Winter Luxury,1500.0,1600.0,31,53,Formal
2024-01-14, Tie-Dye Shirt, Cotton, Summer Vibes,300.0,350.0,102,130,Formal
2024-03-03, Linen Shorts, Linen, Lightweight Fit,350.0,400.0,85,60,Festive
2023-03-25, Embroidered Kurti, Cotton, Ethnic Wear,600.0,700.0,163,103,Festive
2023-07-11, Silk Gown, Silk, Formal Elegance,2000.0,2200.0,153,168,Formal
2023-02-10, Tapered Trousers, Polyester, Office Look,550.0,600.0,188,116,Formal
2023-11-05, Off-Shoulder Blouse, Cotton, Trendy Style,400.0,450.0,95,30,Casual
2024-01-13, Dungarees, Denim, Playful Look,500.0,550.0,194,133,Casual
2023-05-16, Parka Jacket, Polyester, Winter Warmth,1200.0,1300.0,38,63,Formal
2023-04-16, Ruffle Skirt, Georgette, Layered Elegance,650.0,700.0,78,179,Festive
2024-06-02, V-Neck Sweater, Wool, Winter Casual,800.0,900.0,56,166,Festive
2024-06-25, Cargo Shorts, Cotton, Outdoor Comfort,400.0,450.0,103,95,Festive
2023-05-06, Bell-Bottom Pants, Denim, Retro Style,600.0,700.0,199,136,Festive
2023-12-23,Saree,Chiffon,Sri Lakshmi silks,336.0,254.0,186,139,Festive
2024-02-04,Lungi,Chiffon,Vasanth textiles,406.0,649.0,109,100,Formal
2023-03-20,Saree,Chiffon,Shree fabrics,428.0,459.0,68,135,Casual
2024-01-24,Churidhar,Chiffon,Emco textiles,250.0,140.0,57,168,Formal
2024-08-01,Cotton saree,Chiffon,Sri Lakshmi silks,211.0,560.0,170,120,Formal
2024-06-18,Saree,Cotton,Sri Lakshmi silks,336.0,612.0,169,177,Casual
2024-12-01,Lungi,Polyester,Shree fabrics,551.0,348.0,151,57,Formal
2023-03-15,Saree,Chiffon,Vasanth textiles,425.0,697.0,196,60,Festive
2023-01-05,Blouse piece,Polyester,Emco textiles,33.0,549.0,78,52,Casual
2024-04-07,Churidhar,Chiffon,Sri Lakshmi silks,310.0,102.0,87,107,Festive
2023-03-23,Blouse piece,Silk,Shree fabrics,470.0,681.0,184,90,Formal
2024-06-20,Lungi,Cotton,Shree fabrics,535.0,62.0,42,45,Casual
2024-02-09,Cotton saree,Polyester,Vasanth textiles,349.0,318.0,46,76,Formal
2024-05-28,Lungi,Silk,Sri Lakshmi silks,582.0,508.0,89,138,Casual
2023-10-05,Lungi,Linen,Shree Ram textiles,244.0,439.0,128,123,Casual
2023-08-12,Saree,Chiffon,Shree fabrics,100.0,48.0,96,164,Formal
2024-08-06,Cotton saree,Polyester,Sri Lakshmi silks,597.0,52.0,198,120,Formal
2023-03-09,Cotton saree,Silk,Emco textiles,265.0,91.0,69,177,Casual
2023-11-16,Lungi,Cotton,Vasanth textiles,310.0,248.0,143,151,Festive
2024-08-28,Saree,Chiffon,Emco textiles,191.0,589.0,38,109,Festive
2023-01-19,Lungi,Cotton,Shree fabrics,220.0,651.0,20,118,Casual
2024-10-01,Lungi,Silk,Shree fabrics,38.0,441.0,59,129,Formal
2023-12-09,Blouse piece,Silk,Emco textiles,89.0,230.0,179,159,Casual
2024-08-16,Blouse piece,Polyester,Shree fabrics,254.0,90.0,41,143,Casual
2023-12-09,Saree,Linen,Sri Lakshmi silks,316.0,432.0,131,170,Formal
2023-04-07,Churidhar,Cotton,Shree fabrics,198.0,692.0,59,192,Festive
2023-02-21,Blouse piece,Polyester,Vasanth textiles,91.0,660.0,57,28,Casual
2023-06-24,Churidhar,Chiffon,Sri Lakshmi silks,378.0,339.0,67,136,Festive
2023-12-04,Cotton saree,Linen,Shree Ram textiles,471.0,661.0,94,38,Festive
2024-11-24,Blouse piece,Polyester,Shree fabrics,43.0,235.0,198,198,Formal
2023-12-19,Blouse piece,Cotton,Shree fabrics,193.0,456.0,126,33,Casual
2024-01-26,Saree,Silk,Vasanth textiles,449.0,459.0,27,160,Casual
2023-04-25,Churidhar,Chiffon,Vasanth textiles,549.0,679.0,105,179,Festive
2023-12-14,Blouse piece,Cotton,Emco textiles,577.0,656.0,87,191,Festive
2023-01-01,Blouse piece,Linen,Emco textiles,589.0,561.0,94,114,Formal
2023-03-04,Saree,Linen,Emco textiles,57.0,395.0,156,171,Festive
2023-08-14,Saree,Silk,Vasanth textiles,475.0,187.0,109,186,Formal
2024-02-27,Churidhar,Silk,Emco textiles,237.0,404.0,149,154,Casual
2023-01-19,Cotton saree,Chiffon,Emco textiles,499.0,403.0,99,193,Formal
2023-01-31,Cotton saree,Chiffon,Shree Ram textiles,133.0,691.0,114,182,Festive
2024-09-24,Lungi,Silk,Emco textiles,455.0,441.0,89,167,Casual
2023-01-24,Blouse piece,Silk,Shree fabrics,130.0,645.0,109,181,Formal
2023-07-30,Churidhar,Linen,Vasanth textiles,570.0,531.0,78,64,Casual
2023-06-10,Blouse piece,Silk,Sri Lakshmi silks,551.0,268.0,166,156,Formal
2023-09-12,Churidhar,Polyester,Shree Ram textiles,135.0,614.0,47,166,Festive
2024-07-24,Churidhar,Cotton,Vasanth textiles,306.0,576.0,91,11,Festive
2023-04-24,Churidhar,Silk,Vasanth textiles,94.0,307.0,33,173,Casual
2024-05-18,Blouse piece,Chiffon,Shree fabrics,217.0,444.0,43,156,Casual
2024-11-02,Saree,Polyester,Emco textiles,346.0,50.0,131,144,Casual
2023-08-08,Blouse piece,Chiffon,Shree fabrics,167.0,359.0,63,163,Formal
2023-12-23,Churidhar,Polyester,Emco textiles,372.0,165.0,75,120,Festive
2023-06-18,Lungi,Silk,Emco textiles,134.0,345.0,139,81,Casual
2024-06-07,Cotton saree,Cotton,Vasanth textiles,575.0,550.0,198,140,Casual
2023-08-30,Churidhar,Chiffon,Emco textiles,409.0,128.0,51,111,Casual
2024-01-10,Lungi,Polyester,Shree Ram textiles,139.0,394.0,197,104,Formal
2023-05-19,Saree,Linen,Shree Ram textiles,574.0,667.0,188,101,Casual
2023-04-07,Churidhar,Silk,Shree Ram textiles,383.0,391.0,44,189,Casual
2023-05-27,Lungi,Cotton,Vasanth textiles,346.0,53.0,135,180,Formal
2023-07-01,Churidhar,Silk,Shree fabrics,295.0,296.0,85,199,Formal
2023-02-26,Blouse piece,Linen,Sri Lakshmi silks,94.0,248.0,61,33,Casual
2023-02-11,Lungi,Cotton,Emco textiles,362.0,320.0,183,129,Casual
2024-12-11,Blouse piece,Linen,Sri Lakshmi silks,542.0,482.0,95,77,Formal
2024-06-26,Blouse piece,Silk,Shree fabrics,162.0,428.0,156,63,Festive
2024-11-22,Lungi,Polyester,Shree fabrics,569.0,656.0,183,102,Formal
2023-01-02,Cotton saree,Silk,Vasanth textiles,564.0,522.0,57,53,Festive
2023-10-15,Lungi,Silk,Shree Ram textiles,525.0,186.0,180,142,Casual
2023-05-18,Cotton saree,Silk,Shree Ram textiles,398.0,318.0,189,64,Casual
2024-09-08,Churidhar,Chiffon,Shree fabrics,128.0,560.0,80,167,Festive
2024-05-26,Churidhar,Linen,Vasanth textiles,346.0,669.0,193,38,Formal
2024-12-30,Lungi,Linen,Vasanth textiles,152.0,645.0,108,163,Casual
2023-08-10,Churidhar,Linen,Emco textiles,349.0,473.0,37,120,Festive
2023-11-27,Saree,Chiffon,Shree Ram textiles,524.0,183.0,89,46,Formal
2024-09-08,Blouse piece,Polyester,Shree fabrics,486.0,328.0,101,173,Festive
2024-02-08,Blouse piece,Silk,Sri Lakshmi silks,551.0,425.0,135,190,Formal
2024-05-22,Cotton saree,Polyester,Shree Ram textiles,549.0,53.0,99,167,Formal
2023-05-07,Churidhar,Chiffon,Emco textiles,344.0,296.0,34,104,Formal
2023-09-22,Cotton saree,Linen,Vasanth textiles,571.0,385.0,195,131,Formal
2024-12-12,Blouse piece,Silk,Shree fabrics,508.0,384.0,32,63,Festive
2023-01-15,Blouse piece,Cotton,Shree Ram textiles,49.0,439.0,138,16,Festive
2023-08-14,Churidhar,Cotton,Sri Lakshmi silks,589.0,246.0,62,156,Festive
2023-04-15,Saree,Polyester,Emco textiles,159.0,211.0,76,58,Festive
2024-05-07,Saree,Linen,Emco textiles,322.0,503.0,36,130,Festive
2023-11-15,Churidhar,Cotton,Shree Ram textiles,161.0,309.0,197,82,Formal
2023-08-07,Churidhar,Polyester,Sri Lakshmi silks,385.0,260.0,51,50,Casual
2023-10-04,Cotton saree,Chiffon,Emco textiles,83.0,191.0,169,115,Casual
2023-12-07,Churidhar,Polyester,Shree fabrics,416.0,662.0,74,86,Festive
2024-03-27,Saree,Polyester,Emco textiles,294.0,222.0,32,191,Festive
2024-01-04,Churidhar,Polyester,Sri Lakshmi silks,244.0,438.0,66,136,Casual
2024-04-18,Cotton saree,Silk,Vasanth textiles,489.0,111.0,106,100,Formal
2023-07-09,Cotton saree,Polyester,Vasanth textiles,487.0,457.0,81,164,Festive
2024-02-23,Cotton saree,Polyester,Shree Ram textiles,72.0,322.0,48,17,Formal
2024-12-10,Cotton saree,Silk,Sri Lakshmi silks,307.0,113.0,41,41,Casual
2024-05-09,Lungi,Silk,Emco textiles,159.0,394.0,84,73,Casual
2023-02-08,Churidhar,Chiffon,Emco textiles,379.0,536.0,48,141,Festive
2023-06-11,Blouse piece,Linen,Vasanth textiles,573.0,367.0,67,33,Formal
2023-05-01,Churidhar,Cotton,Vasanth textiles,135.0,574.0,24,157,Festive
2024-02-03,Lungi,Cotton,Shree fabrics,30.0,619.0,182,172,Casual
2023-09-19,Cotton saree,Polyester,Vasanth textiles,461.0,486.0,120,70,Formal
2024-12-28,Lungi,Chiffon,Shree fabrics,335.0,412.0,90,191,Festive
2024-07-14,Saree,Polyester,Emco textiles,556.0,401.0,193,17,Festive
2024-08-26,Saree,Cotton,Shree fabrics,82.0,132.0,182,38,Festive
2023-05-09,Churidhar,Silk,Shree fabrics,549.0,360.0,192,104,Casual
2024-06-23,Churidhar,Linen,Shree Ram textiles,359.0,363.0,160,50,Festive
2023-12-22,Blouse piece,Chiffon,Vasanth textiles,587.0,423.0,157,167,Formal
2024-10-21,Blouse piece,Silk,Shree fabrics,354.0,614.0,85,158,Festive
2024-03-07,Saree,Linen,Emco textiles,143.0,385.0,91,20,Casual
2023-03-06,Cotton saree,Chiffon,Sri Lakshmi silks,176.0,142.0,44,11,Festive
2023-08-06,Lungi,Chiffon,Shree fabrics,195.0,254.0,191,59,Casual
2024-07-16,Blouse piece,Cotton,Vasanth textiles,408.0,231.0,79,178,Casual
2024-03-02,Blouse piece,Silk,Shree Ram textiles,168.0,233.0,194,140,Formal
2023-03-15,Cotton saree,Chiffon,Emco textiles,328.0,419.0,59,89,Formal
2024-04-04,Cotton saree,Chiffon,Shree Ram textiles,305.0,442.0,26,188,Festive
2024-02-29,Churidhar,Linen,Sri Lakshmi silks,207.0,639.0,193,96,Casual
2024-12-11,Lungi,Cotton,Shree fabrics,383.0,50.0,170,70,Casual
2023-07-11,Cotton saree,Polyester,Shree fabrics,183.0,226.0,65,167,Formal
2023-07-08,Blouse piece,Cotton,Vasanth textiles,230.0,54.0,105,115,Formal
2023-01-12,Blouse piece,Polyester,Shree fabrics,144.0,336.0,160,148,Festive
2023-08-27,Saree,Silk,Emco textiles,583.0,450.0,40,186,Casual
2024-08-15,Cotton saree,Silk,Sri Lakshmi silks,97.0,624.0,20,165,Formal
2024-03-28,Churidhar,Chiffon,Shree Ram textiles,474.0,91.0,142,32,Festive
2024-01-18,Lungi,Silk,Sri Lakshmi silks,474.0,679.0,166,193,Casual
2023-02-17,Churidhar,Chiffon,Shree fabrics,355.0,67.0,144,79,Casual
2023-11-13,Blouse piece,Cotton,Shree Ram textiles,388.0,616.0,52,57,Formal
2023-07-28,Churidhar,Silk,Vasanth textiles,174.0,56.0,23,29,Festive
2024-06-30,Blouse piece,Cotton,Sri Lakshmi silks,304.0,390.0,22,113,Formal
2023-04-29,Blouse piece,Cotton,Shree Ram textiles,538.0,467.0,110,97,Festive
2024-07-30,Blouse piece,Silk,Shree Ram textiles,208.0,689.0,71,40,Casual
2023-11-11,Blouse piece,Cotton,Shree Ram textiles,506.0,268.0,47,164,Festive
2023-02-05,Blouse piece,Silk,Emco textiles,443.0,249.0,89,139,Festive
2024-04-07,Saree,Silk,Sri Lakshmi silks,182.0,470.0,76,87,Festive
2024-07-07,Churidhar,Silk,Shree Ram textiles,133.0,333.0,127,93,Festive
2024-08-03,Saree,Polyester,Sri Lakshmi silks,104.0,621.0,163,150,Festive
2024-02-07,Saree,Cotton,Shree Ram textiles,157.0,143.0,43,172,Formal
2023-04-17,Cotton saree,Linen,Vasanth textiles,597.0,243.0,188,137,Festive
2023-02-08,Cotton saree,Silk,Vasanth textiles,374.0,92.0,96,143,Festive
2024-08-03,Cotton saree,Cotton,Vasanth textiles,560.0,414.0,194,40,Casual
2023-06-29,Lungi,Chiffon,Shree fabrics,188.0,93.0,95,147,Festive
2023-01-12,Cotton saree,Silk,Shree Ram textiles,567.0,315.0,88,30,Casual
2023-12-05,Churidhar,Silk,Shree fabrics,455.0,374.0,120,32,Formal
2024-12-16,Saree,Linen,Sri Lakshmi silks,52.0,70.0,178,140,Formal
2024-07-01,Churidhar,Polyester,Shree fabrics,76.0,174.0,111,169,Festive
2023-05-06,Cotton saree,Polyester,Sri Lakshmi silks,554.0,97.0,111,157,Formal
2023-03-04,Lungi,Silk,Sri Lakshmi silks,173.0,144.0,49,38,Festive
2023-03-23,Lungi,Cotton,Sri Lakshmi silks,448.0,305.0,37,114,Formal
2023-10-26,Saree,Chiffon,Shree fabrics,114.0,561.0,63,61,Festive
2023-02-03,Churidhar,Chiffon,Shree Ram textiles,445.0,535.0,174,124,Festive
2024-08-31,Blouse piece,Cotton,Shree fabrics,511.0,292.0,118,183,Casual
2023-02-18,Churidhar,Silk,Shree Ram textiles,485.0,334.0,173,171,Casual
2024-10-19,Cotton saree,Chiffon,Shree Ram textiles,326.0,197.0,140,110,Casual
2024-09-28,Blouse piece,Polyester,Sri Lakshmi silks,141.0,588.0,134,199,Casual
2024-12-01,Lungi,Cotton,Shree fabrics,259.0,670.0,79,70,Festive
2023-02-26,Saree,Linen,Shree Ram textiles,125.0,106.0,165,134,Formal
2023-04-19,Saree,Silk,Vasanth textiles,407.0,338.0,75,80,Festive
2024-05-31,Lungi,Cotton,Shree Ram textiles,185.0,502.0,50,79,Casual
2023-01-24,Cotton saree,Chiffon,Vasanth textiles,450.0,140.0,120,85,Casual
2023-08-09,Lungi,Silk,Shree fabrics,134.0,95.0,78,117,Formal
2023-11-11,Cotton saree,Polyester,Shree fabrics,359.0,371.0,143,30,Casual
2023-10-21,Blouse piece,Silk,Shree fabrics,468.0,432.0,149,140,Festive
2023-01-10,Lungi,Silk,Shree Ram textiles,161.0,420.0,116,91,Festive
2024-11-07,Cotton saree,Polyester,Emco textiles,411.0,131.0,186,97,Festive
2024-04-25,Blouse piece,Polyester,Shree Ram textiles,167.0,486.0,126,120,Festive
2024-12-27,Lungi,Silk,Shree Ram textiles,299.0,148.0,37,19,Festive
2024-09-29,Saree,Polyester,Sri Lakshmi silks,579.0,356.0,164,164,Formal
2023-09-24,Lungi,Cotton,Sri Lakshmi silks,425.0,207.0,186,21,Festive
2023-03-29,Churidhar,Polyester,Shree Ram textiles,586.0,474.0,90,16,Casual
2024-03-30,Lungi,Polyester,Vasanth textiles,493.0,481.0,125,154,Casual
2024-09-17,Churidhar,Silk,Sri Lakshmi silks,479.0,257.0,73,52,Casual
2024-06-16,Blouse piece,Cotton,Shree Ram textiles,360.0,261.0,113,35,Casual
2023-05-28,Lungi,Linen,Emco textiles,282.0,567.0,95,33,Formal
2024-12-29,Blouse piece,Linen,Vasanth textiles,314.0,317.0,54,42,Casual
2024-03-06,Blouse piece,Chiffon,Shree fabrics,303.0,608.0,30,71,Formal
2023-08-30,Cotton saree,Polyester,Shree Ram textiles,49.0,613.0,80,56,Casual
2024-12-02,Blouse piece,Polyester,Shree Ram textiles,268.0,505.0,63,104,Formal
2023-03-07,Blouse piece,Cotton,Vasanth textiles,299.0,641.0,140,44,Formal
2024-01-13,Lungi,Linen,Sri Lakshmi silks,447.0,623.0,87,85,Formal
2024-01-23,Lungi,Chiffon,Sri Lakshmi silks,339.0,69.0,44,132,Casual
2023-07-28,Saree,Cotton,Sri Lakshmi silks,60.0,398.0,195,92,Formal
2024-02-19,Cotton saree,Polyester,Shree fabrics,133.0,327.0,179,34,Festive
2023-01-16,Blouse piece,Linen,Vasanth textiles,215.0,125.0,103,66,Festive
2023-10-24,Cotton saree,Chiffon,Vasanth textiles,157.0,273.0,133,41,Casual
2023-08-08,Churidhar,Silk,Sri Lakshmi silks,239.0,352.0,151,72,Festive
2024-01-02,Blouse piece,Linen,Sri Lakshmi silks,443.0,404.0,185,21,Festive
2023-08-17,Cotton saree,Chiffon,Emco textiles,310.0,308.0,194,72,Festive
2024-09-22,Saree,Cotton,Emco textiles,282.0,170.0,20,86,Casual
2024-03-15,Saree,Silk,Shree Ram textiles,48.0,390.0,150,101,Casual
2024-11-20,Blouse piece,Chiffon,Shree Ram textiles,165.0,219.0,105,10,Festive
2024-06-15,Churidhar,Chiffon,Vasanth textiles,252.0,519.0,81,196,Casual
2024-03-25,Saree,Polyester,Vasanth textiles,32.0,202.0,83,79,Formal
2023-02-05,Saree,Linen,Shree fabrics,265.0,135.0,164,145,Festive
2024-02-26,Churidhar,Polyester,Shree fabrics,494.0,549.0,145,142,Casual
2024-09-11,Cotton saree,Silk,Emco textiles,257.0,404.0,124,95,Casual
2023-07-08,Saree,Chiffon,Shree Ram textiles,528.0,392.0,81,48,Festive
2023-06-27,Lungi,Polyester,Emco textiles,550.0,475.0,54,32,Casual
2024-08-30,Saree,Linen,Emco textiles,168.0,122.0,32,77,Festive
2023-11-11,Cotton saree,Silk,Shree Ram textiles,305.0,264.0,182,189,Casual
2023-01-20,Cotton saree,Cotton,Shree fabrics,320.0,451.0,62,13,Formal
2024-11-06,Blouse piece,Polyester,Shree Ram textiles,82.0,157.0,149,135,Festive
2024-01-17,Lungi,Silk,Sri Lakshmi silks,139.0,521.0,130,184,Formal
2024-08-31,Cotton saree,Cotton,Sri Lakshmi silks,33.0,231.0,147,30,Festive
2023-05-23,Churidhar,Polyester,Sri Lakshmi silks,76.0,630.0,70,193,Casual
2023-03-03,Lungi,Silk,Vasanth textiles,123.0,629.0,163,114,Formal
2023-08-30,Lungi,Silk,Shree fabrics,589.0,698.0,165,75,Casual
2023-08-26,Churidhar,Polyester,Shree fabrics,242.0,146.0,154,196,Festive
2023-05-11,Saree,Silk,Vasanth textiles,465.0,421.0,64,16,Festive
2024-08-27,Churidhar,Chiffon,Emco textiles,537.0,429.0,183,58,Festive
2024-08-25,Churidhar,Polyester,Sri Lakshmi silks,234.0,283.0,188,51,Festive
2024-10-06,Saree,Silk,Sri Lakshmi silks,410.0,624.0,61,154,Festive
2023-05-03,Saree,Cotton,Emco textiles,102.0,507.0,154,93,Formal
2024-03-15,Saree,Cotton,Shree Ram textiles,545.0,577.0,34,96,Festive
2023-12-08,Saree,Chiffon,Shree Ram textiles,105.0,249.0,79,107,Casual
2024-02-23,Saree,Polyester,Shree fabrics,106.0,643.0,59,129,Formal
2024-09-21,Churidhar,Silk,Vasanth textiles,439.0,676.0,184,43,Casual
2024-03-30,Blouse piece,Silk,Shree fabrics,135.0,112.0,131,170,Festive
2023-07-17,Blouse piece,Cotton,Shree Ram textiles,580.0,674.0,96,35,Casual
2023-10-09,Cotton saree,Chiffon,Emco textiles,505.0,348.0,124,75,Formal
2023-01-01,Blouse piece,Cotton,Shree fabrics,304.0,629.0,126,134,Formal
2024-12-23,Blouse piece,Cotton,Sri Lakshmi silks,117.0,225.0,141,72,Formal
2023-11-28,Churidhar,Chiffon,Sri Lakshmi silks,106.0,292.0,99,96,Casual
2023-07-31,Saree,Polyester,Emco textiles,106.0,52.0,144,50,Formal
2023-03-28,Saree,Silk,Shree Ram textiles,471.0,338.0,191,195,Casual
2024-10-26,Churidhar,Polyester,Sri Lakshmi silks,569.0,115.0,153,172,Festive
2024-11-29,Blouse piece,Linen,Sri Lakshmi silks,274.0,90.0,51,133,Festive
2023-03-02,Churidhar,Linen,Vasanth textiles,411.0,188.0,127,88,Casual
2023-04-05,Cotton saree,Linen,Shree fabrics,599.0,161.0,133,166,Formal
2024-07-06,Saree,Chiffon,Shree Ram textiles,171.0,250.0,165,24,Casual
2023-05-27,Lungi,Cotton,Shree fabrics,397.0,319.0,87,51,Casual
2023-09-03,Cotton saree,Polyester,Shree Ram textiles,113.0,577.0,146,33,Casual
2024-10-05,Cotton saree,Silk,Sri Lakshmi silks,172.0,195.0,154,194,Festive
2023-10-24,Churidhar,Linen,Vasanth textiles,381.0,277.0,133,26,Casual
2023-05-03,Blouse piece,Polyester,Shree fabrics,574.0,415.0,27,197,Festive
2024-10-16,Saree,Linen,Sri Lakshmi silks,181.0,121.0,83,18,Casual
2024-11-24,Lungi,Linen,Shree Ram textiles,187.0,531.0,154,123,Festive
2024-12-04,Cotton saree,Silk,Shree fabrics,475.0,395.0,60,45,Casual
2024-03-31,Lungi,Chiffon,Shree fabrics,332.0,312.0,59,45,Casual
2024-02-03,Blouse piece,Cotton,Sri Lakshmi silks,479.0,619.0,22,57,Formal
2024-12-19,Blouse piece,Chiffon,Shree fabrics,253.0,83.0,164,180,Formal
2023-08-19,Lungi,Polyester,Vasanth textiles,72.0,612.0,129,106,Casual
2024-06-17,Saree,Chiffon,Vasanth textiles,293.0,162.0,133,128,Casual
2024-02-06,Blouse piece,Polyester,Sri Lakshmi silks,32.0,388.0,131,104,Casual
2024-08-14,Lungi,Polyester,Shree Ram textiles,297.0,369.0,199,173,Casual
2023-05-10,Cotton saree,Cotton,Sri Lakshmi silks,45.0,448.0,169,83,Formal
2023-10-19,Lungi,Silk,Vasanth textiles,363.0,362.0,23,89,Festive
2023-10-03,Lungi,Cotton,Emco textiles,493.0,150.0,153,77,Casual
2024-01-11,Churidhar,Chiffon,Emco textiles,88.0,128.0,185,159,Formal
2023-02-24,Blouse piece,Polyester,Shree fabrics,206.0,472.0,45,86,Casual
2024-07-31,Saree,Linen,Shree fabrics,92.0,138.0,158,125,Casual
2023-01-26,Saree,Linen,Emco textiles,590.0,578.0,36,15,Festive
2024-03-16,Churidhar,Polyester,Vasanth textiles,336.0,640.0,111,163,Casual
2023-07-16,Saree,Cotton,Shree fabrics,275.0,185.0,50,84,Casual
2024-10-03,Lungi,Silk,Sri Lakshmi silks,318.0,296.0,182,97,Festive
2023-08-31,Churidhar,Cotton,Sri Lakshmi silks,361.0,228.0,163,12,Festive
2024-12-24,Cotton saree,Polyester,Vasanth textiles,556.0,279.0,126,61,Festive
2023-07-09,Blouse piece,Polyester,Shree fabrics,284.0,542.0,165,83,Festive
2024-07-21,Blouse piece,Silk,Sri Lakshmi silks,539.0,310.0,130,134,Formal
2024-07-20,Blouse piece,Chiffon,Shree fabrics,492.0,559.0,120,197,Formal
2023-10-03,Lungi,Chiffon,Shree fabrics,228.0,589.0,131,74,Formal
2024-02-13,Cotton saree,Silk,Sri Lakshmi silks,300.0,153.0,81,61,Casual
2023-12-06,Churidhar,Chiffon,Emco textiles,587.0,378.0,131,61,Festive
2023-06-02,Churidhar,Linen,Sri Lakshmi silks,93.0,607.0,174,151,Festive
2024-07-18,Blouse piece,Chiffon,Vasanth textiles,259.0,398.0,182,172,Formal
2024-02-02,Cotton saree,Chiffon,Shree Ram textiles,278.0,689.0,135,81,Casual
2024-03-19,Cotton saree,Chiffon,Sri Lakshmi silks,275.0,653.0,192,77,Casual
2024-09-14,Cotton saree,Linen,Shree fabrics,186.0,373.0,54,165,Casual
2024-03-02,Saree,Chiffon,Shree fabrics,593.0,208.0,47,147,Formal
2024-05-01,Saree,Linen,Sri Lakshmi silks,117.0,378.0,122,124,Casual
2023-07-23,Blouse piece,Silk,Shree Ram textiles,342.0,300.0,144,166,Casual
2023-04-22,Cotton saree,Cotton,Sri Lakshmi silks,95.0,238.0,121,75,Casual
2023-11-21,Cotton saree,Silk,Shree Ram textiles,49.0,250.0,156,99,Festive
2023-09-15,Churidhar,Cotton,Shree Ram textiles,62.0,326.0,162,59,Formal
2024-06-11,Churidhar,Silk,Vasanth textiles,587.0,511.0,40,23,Festive
2023-12-16,Blouse piece,Cotton,Shree fabrics,102.0,521.0,71,25,Festive
2024-11-08,Cotton saree,Cotton,Shree fabrics,372.0,62.0,182,191,Formal
2024-03-10,Blouse piece,Polyester,Shree Ram textiles,162.0,599.0,116,117,Festive
2024-03-01,Churidhar,Cotton,Shree fabrics,84.0,148.0,70,51,Casual
2023-10-07,Churidhar,Cotton,Emco textiles,90.0,335.0,102,119,Casual
2024-01-06,Saree,Polyester,Shree Ram textiles,549.0,45.0,74,31,Casual
2024-10-31,Blouse piece,Chiffon,Shree fabrics,301.0,589.0,96,77,Casual
2023-09-06,Blouse piece,Chiffon,Emco textiles,275.0,242.0,146,28,Formal
2023-06-30,Cotton saree,Polyester,Vasanth textiles,205.0,364.0,191,75,Festive
2024-12-03,Cotton saree,Linen,Shree fabrics,346.0,283.0,112,176,Festive
2024-10-12,Saree,Cotton,Emco textiles,160.0,366.0,107,95,Casual
2023-03-19,Lungi,Cotton,Sri Lakshmi silks,131.0,86.0,99,156,Casual
2023-12-02,Lungi,Polyester,Sri Lakshmi silks,339.0,630.0,172,153,Festive
2023-02-19,Lungi,Polyester,Emco textiles,321.0,661.0,111,63,Formal
2023-03-26,Blouse piece,Linen,Shree Ram textiles,524.0,52.0,66,162,Festive
2024-11-25,Blouse piece,Chiffon,Shree Ram textiles,390.0,419.0,57,121,Casual
2024-11-25,Churidhar,Silk,Shree fabrics,367.0,404.0,158,27,Casual
2023-01-04,Blouse piece,Chiffon,Sri Lakshmi silks,39.0,641.0,34,160,Formal
2023-11-13,Blouse piece,Cotton,Shree Ram textiles,78.0,381.0,20,126,Festive
2023-04-21,Blouse piece,Polyester,Shree Ram textiles,516.0,260.0,154,94,Formal
2023-11-30,Saree,Linen,Sri Lakshmi silks,350.0,112.0,20,148,Formal
2023-05-13,Blouse piece,Chiffon,Vasanth textiles,598.0,664.0,68,48,Casual
2024-09-03,Cotton saree,Linen,Shree Ram textiles,162.0,85.0,115,114,Festive
2024-11-14,Cotton saree,Chiffon,Emco textiles,112.0,543.0,176,77,Casual
2023-04-29,Churidhar,Cotton,Shree fabrics,86.0,313.0,45,34,Festive
2023-12-16,Saree,Silk,Shree Ram textiles,405.0,594.0,106,167,Casual
2024-11-17,Cotton saree,Linen,Shree Ram textiles,378.0,247.0,192,61,Casual
2024-06-25,Saree,Linen,Vasanth textiles,300.0,654.0,112,132,Festive
2023-02-24,Saree,Silk,Emco textiles,512.0,163.0,121,130,Festive
2023-12-27,Churidhar,Linen,Shree fabrics,140.0,49.0,90,70,Casual
2024-12-08,Saree,Linen,Shree Ram textiles,105.0,368.0,159,109,Festive
2024-03-28,Blouse piece,Chiffon,Shree fabrics,187.0,226.0,114,60,Casual
2024-07-06,Saree,Chiffon,Sri Lakshmi silks,561.0,582.0,179,107,Festive
2024-11-15,Churidhar,Silk,Shree Ram textiles,358.0,99.0,137,146,Casual
2023-11-26,Churidhar,Cotton,Shree Ram textiles,151.0,481.0,167,11,Casual
2023-08-07,Churidhar,Linen,Sri Lakshmi silks,70.0,256.0,138,14,Casual
2023-07-27,Cotton saree,Cotton,Vasanth textiles,196.0,41.0,70,199,Formal
2020-03-05,Churidhar,Wool,Vasanth textiles,137.55,184.01,386,161,Festive
2018-12-24,Jacket,Linen,Emco textiles,472.89,689.03,312,173,Casual
2022-05-13,Churidhar,Linen,Shree Ram textiles,656.4,825.71,89,134,Seasonal
2016-02-21,T-shirt,Polyester,Shree fabrics,317.68,356.12,369,76,Casual
2020-03-11,Churidhar,Cotton,Vasanth textiles,115.29,156.44,216,93,Festive
2017-12-19,Saree,Polyester,Sri Lakshmi silks,57.46,84.38,51,69,Casual
2018-10-21,Saree,Polyester,Sri Lakshmi silks,426.77,537.99,246,97,Festive
2019-08-31,T-shirt,Polyester,Vasanth textiles,894.09,1107.08,64,129,Workwear
2020-03-18,Cotton saree,Silk,Vasanth textiles,215.85,285.88,48,28,Festive
2020-09-12,Churidhar,Cotton,Vasanth textiles,884.5,1320.56,80,101,Formal
2017-07-11,Jacket,Cotton,Shree fabrics,477.66,688.31,53,185,Casual
2018-04-30,Skirt,Silk,Emco textiles,410.0,609.84,346,68,Seasonal
2020-12-21,Skirt,Polyester,Vasanth textiles,934.18,1179.28,498,52,Workwear
2020-07-07,Blouse piece,Cotton,Vasanth textiles,25.34,34.56,287,133,Casual
2022-10-14,Saree,Wool,Shree fabrics,343.23,392.93,73,74,Workwear
2018-10-28,Churidhar,Silk,Sri Lakshmi silks,924.39,1267.23,62,108,Formal
2021-02-17,Skirt,Silk,Emco textiles,21.37,31.25,346,100,Workwear
2020-03-24,Lungi,Silk,Shree fabrics,138.56,201.49,63,151,Seasonal
2017-07-03,Lungi,Linen,Shree fabrics,404.28,548.5,158,152,Seasonal
2017-08-03,Pants,Silk,Shree fabrics,442.73,550.63,472,87,Formal
2018-05-14,Saree,Polyester,Shree fabrics,68.15,101.93,403,140,Festive
2022-05-21,Shirt,Cotton,Sri Lakshmi silks,774.9,1058.54,73,19,Formal
2020-04-26,Jacket,Wool,Sri Lakshmi silks,90.3,116.61,142,89,Workwear
2018-04-09,Lungi,Linen,Shree Ram textiles,982.93,1380.46,487,114,Workwear
2022-12-05,Shirt,Linen,Emco textiles,844.15,1098.4,495,157,Casual
2019-10-02,Skirt,Silk,Shree Ram textiles,886.56,1265.16,145,8,Festive
2018-07-22,Lungi,Cotton,Emco textiles,700.29,979.34,371,106,Casual
2021-08-05,Skirt,Wool,Sri Lakshmi silks,553.46,773.18,325,12,Workwear
2020-12-05,Cotton saree,Silk,Shree fabrics,905.64,1031.4,331,15,Formal
2017-01-17,Saree,Wool,Shree Ram textiles,526.52,593.52,464,114,Formal
2017-02-24,T-shirt,Linen,Sri Lakshmi silks,855.21,1134.78,14,195,Formal
2022-07-24,Skirt,Polyester,Emco textiles,728.63,918.55,452,58,Festive
2022-04-19,Jacket,Cotton,Sri Lakshmi silks,783.11,914.82,229,102,Seasonal
2018-03-02,Jacket,Silk,Emco textiles,73.46,108.27,83,67,Casual
2021-10-23,Lungi,Linen,Shree fabrics,375.42,430.62,202,79,Seasonal
2022-03-23,Saree,Wool,Shree Ram textiles,135.9,200.38,217,150,Workwear
2021-04-12,Churidhar,Linen,Emco textiles,175.45,232.09,291,13,Festive
2018-11-02,Saree,Cotton,Shree Ram textiles,976.53,1194.43,347,184,Workwear
2022-08-27,Blouse piece,Cotton,Emco textiles,321.12,456.88,282,176,Casual
2018-10-21,Shirt,Silk,Sri Lakshmi silks,24.29,29.06,51,34,Workwear
2022-11-12,Blouse piece,Linen,Shree Ram textiles,745.36,821.88,173,16,Festive
2019-06-03,Jacket,Cotton,Vasanth textiles,478.6,663.66,154,166,Workwear
2016-09-18,Saree,Cotton,Sri Lakshmi silks,525.91,736.55,107,190,Workwear
2019-04-17,Skirt,Wool,Shree Ram textiles,20.04,26.67,454,174,Workwear
2017-09-11,Shirt,Wool,Emco textiles,431.42,645.74,254,145,Formal
2020-09-28,Shirt,Polyester,Sri Lakshmi silks,790.75,992.85,225,129,Formal
2018-02-25,Skirt,Cotton,Emco textiles,416.28,569.41,245,1,Seasonal
2018-02-09,T-shirt,Cotton,Emco textiles,505.4,635.39,168,124,Workwear
2017-08-08,Saree,Silk,Shree fabrics,224.71,255.55,144,142,Workwear
2018-04-27,Shirt,Polyester,Vasanth textiles,572.71,816.83,262,15,Workwear
2019-03-16,Cotton saree,Silk,Emco textiles,615.34,733.67,97,8,Workwear
2018-05-03,Pants,Silk,Vasanth textiles,627.5,768.97,452,9,Festive
2019-12-22,Skirt,Polyester,Emco textiles,758.67,861.26,125,89,Seasonal
2019-03-20,Saree,Linen,Shree Ram textiles,87.18,108.97,258,118,Festive
2020-06-17,Blouse piece,Silk,Emco textiles,260.76,291.59,360,51,Festive
2020-11-23,Lungi,Linen,Shree Ram textiles,62.43,72.22,96,185,Seasonal
2018-04-08,Churidhar,Linen,Shree Ram textiles,435.91,511.29,260,135,Workwear
2022-01-17,Jacket,Linen,Sri Lakshmi silks,398.27,565.37,286,68,Workwear
2019-05-07,Jacket,Polyester,Emco textiles,407.3,609.58,67,15,Seasonal
2016-05-04,Saree,Polyester,Sri Lakshmi silks,382.84,565.17,10,102,Workwear
2017-07-21,Cotton saree,Silk,Sri Lakshmi silks,493.56,613.09,138,170,Seasonal
2018-06-23,Cotton saree,Linen,Shree Ram textiles,825.91,1156.46,474,68,Seasonal
2019-10-13,Blouse piece,Silk,Shree fabrics,845.87,1092.48,58,127,Formal
2019-04-04,Pants,Silk,Shree Ram textiles,429.35,616.73,458,123,Festive
2018-11-22,Skirt,Linen,Shree Ram textiles,927.56,1137.06,181,75,Formal
2018-06-02,Saree,Cotton,Shree Ram textiles,469.61,594.95,227,13,Formal
2018-10-24,T-shirt,Wool,Sri Lakshmi silks,665.82,958.02,214,131,Casual
2017-08-08,Cotton saree,Cotton,Sri Lakshmi silks,286.35,326.73,448,91,Seasonal
2020-07-19,Blouse piece,Cotton,Vasanth textiles,339.77,428.43,426,40,Seasonal
2019-12-08,Blouse piece,Linen,Shree Ram textiles,372.49,450.78,31,93,Festive
2021-08-23,Lungi,Wool,Shree Ram textiles,46.74,51.82,474,9,Casual
2016-05-14,Blouse piece,Silk,Emco textiles,332.3,428.51,466,129,Seasonal
2020-05-10,Pants,Polyester,Emco textiles,67.02,81.32,162,115,Seasonal
2017-05-09,Lungi,Silk,Vasanth textiles,767.18,1038.34,283,173,Formal
2019-03-01,Jacket,Linen,Vasanth textiles,166.67,226.51,279,145,Formal
2022-05-02,T-shirt,Linen,Emco textiles,953.15,1149.98,53,111,Seasonal
2020-03-03,Jacket,Polyester,Emco textiles,188.15,222.48,235,96,Formal
2019-11-02,T-shirt,Silk,Shree fabrics,820.14,934.1,213,113,Formal
2016-02-20,Pants,Polyester,Sri Lakshmi silks,649.31,771.66,110,58,Seasonal
2020-07-19,Churidhar,Cotton,Emco textiles,168.26,247.18,340,190,Workwear
2016-07-06,Pants,Cotton,Vasanth textiles,990.92,1477.74,38,134,Festive
2018-11-19,Blouse piece,Linen,Vasanth textiles,612.01,816.13,101,76,Seasonal
2016-05-17,Churidhar,Wool,Sri Lakshmi silks,793.51,992.09,461,25,Workwear
2020-03-07,T-shirt,Polyester,Sri Lakshmi silks,638.14,867.72,481,185,Casual
2019-11-23,Lungi,Wool,Emco textiles,752.67,1053.32,359,47,Formal
2019-09-23,Pants,Polyester,Emco textiles,174.0,237.2,475,186,Workwear
2017-04-23,Churidhar,Silk,Shree Ram textiles,319.6,372.6,204,169,Formal
2021-04-17,Pants,Wool,Vasanth textiles,273.75,355.08,491,50,Seasonal
2017-11-10,Lungi,Wool,Emco textiles,40.79,56.48,213,34,Workwear
2019-04-20,Saree,Polyester,Shree fabrics,119.11,155.16,404,107,Casual
2017-02-15,Cotton saree,Wool,Shree Ram textiles,874.28,1217.28,359,41,Formal
2018-07-29,Skirt,Polyester,Shree fabrics,625.54,690.69,115,30,Casual
2017-10-12,Blouse piece,Linen,Sri Lakshmi silks,174.97,216.71,115,187,Casual
2017-01-11,Saree,Cotton,Shree Ram textiles,731.86,810.84,364,60,Formal
2021-02-10,Shirt,Cotton,Emco textiles,596.59,834.0,429,99,Formal
2021-11-21,T-shirt,Silk,Sri Lakshmi silks,910.7,1254.87,21,19,Festive
2016-06-24,T-shirt,Cotton,Shree Ram textiles,604.36,876.49,101,146,Seasonal
2021-08-03,Saree,Wool,Vasanth textiles,113.27,161.69,477,79,Festive
2021-05-05,Shirt,Linen,Shree fabrics,360.61,479.04,439,182,Seasonal
2017-07-31,Lungi,Silk,Shree fabrics,915.69,1219.84,159,89,Festive
2019-11-29,Skirt,Silk,Emco textiles,622.17,816.44,68,88,Festive
2019-06-13,Blouse piece,Cotton,Shree fabrics,744.22,965.14,24,169,Formal
2016-07-21,Blouse piece,Silk,Shree fabrics,999.72,1308.25,253,77,Workwear
2020-10-10,Blouse piece,Silk,Vasanth textiles,228.64,288.82,443,115,Workwear
2021-08-04,Jacket,Silk,Shree Ram textiles,243.84,328.68,295,3,Festive
2021-11-28,Churidhar,Polyester,Emco textiles,164.52,214.63,183,76,Seasonal
2019-11-21,Blouse piece,Linen,Emco textiles,944.48,1107.67,319,25,Workwear
2019-10-08,Pants,Wool,Shree fabrics,776.53,1043.32,63,116,Seasonal
2020-09-18,Jacket,Wool,Sri Lakshmi silks,712.58,809.16,282,105,Formal
2019-09-10,Blouse piece,Polyester,Shree Ram textiles,569.48,757.0,90,174,Casual
2016-09-16,Cotton saree,Linen,Vasanth textiles,141.89,207.43,165,59,Workwear
2021-11-06,Churidhar,Polyester,Vasanth textiles,301.38,367.52,264,106,Casual
2017-07-23,Jacket,Linen,Shree Ram textiles,244.3,321.9,452,180,Casual
2020-04-05,Pants,Silk,Emco textiles,936.83,1228.66,405,161,Casual
2016-04-02,Jacket,Wool,Sri Lakshmi silks,446.58,627.34,367,135,Workwear
2019-06-11,Skirt,Linen,Emco textiles,247.91,314.13,98,149,Seasonal
2016-04-20,Lungi,Linen,Vasanth textiles,687.42,843.49,184,142,Casual
2020-10-25,Blouse piece,Cotton,Vasanth textiles,448.42,666.73,336,167,Formal
2021-07-02,Blouse piece,Linen,Shree fabrics,451.15,600.48,81,17,Casual
2017-02-20,Blouse piece,Cotton,Shree fabrics,536.91,660.18,169,157,Formal
2018-07-31,Churidhar,Linen,Shree fabrics,508.44,645.48,392,156,Seasonal
2020-02-03,Cotton saree,Polyester,Shree Ram textiles,907.61,1228.66,480,45,Formal
2021-09-18,Lungi,Wool,Sri Lakshmi silks,901.37,1089.05,195,50,Workwear
2018-12-08,Blouse piece,Wool,Shree Ram textiles,223.98,291.43,155,191,Workwear
2022-07-15,Churidhar,Cotton,Emco textiles,153.06,201.1,51,98,Seasonal
2017-10-16,Blouse piece,Wool,Sri Lakshmi silks,86.38,114.36,299,19,Festive
2019-02-21,Pants,Cotton,Shree Ram textiles,547.43,627.03,157,191,Formal
2020-05-08,Skirt,Linen,Shree fabrics,467.12,566.29,489,31,Festive
2019-08-13,Jacket,Polyester,Emco textiles,613.13,702.63,399,102,Workwear
2021-12-15,Jacket,Linen,Vasanth textiles,256.0,337.29,80,117,Workwear
2018-07-06,Blouse piece,Polyester,Shree fabrics,817.85,1005.29,257,22,Casual
2020-02-26,Skirt,Silk,Emco textiles,890.05,1136.74,281,163,Formal
2019-02-04,Shirt,Polyester,Emco textiles,919.51,1244.83,254,72,Casual
2017-08-31,T-shirt,Linen,Vasanth textiles,436.74,532.63,484,21,Casual
2019-11-28,Lungi,Wool,Shree Ram textiles,57.6,65.05,154,120,Festive
2018-08-19,Cotton saree,Silk,Vasanth textiles,704.54,1056.36,77,23,Festive
2021-04-12,Skirt,Polyester,Shree fabrics,677.56,949.9,381,70,Casual
2020-12-26,Churidhar,Polyester,Sri Lakshmi silks,255.86,344.71,268,167,Workwear
2017-06-29,Jacket,Wool,Shree fabrics,374.17,492.35,477,87,Formal
2018-08-22,Blouse piece,Wool,Shree fabrics,479.17,547.6,10,51,Seasonal
2022-04-06,Skirt,Wool,Shree Ram textiles,181.3,203.67,286,179,Casual
2022-08-08,Churidhar,Wool,Shree fabrics,441.19,597.53,372,185,Festive
2016-12-24,Saree,Silk,Emco textiles,188.77,267.15,125,184,Formal
2021-10-23,Saree,Cotton,Vasanth textiles,62.17,87.45,40,94,Formal
2018-10-13,Churidhar,Wool,Shree Ram textiles,885.47,1300.31,290,16,Workwear
2019-12-25,Cotton saree,Linen,Sri Lakshmi silks,767.5,1074.83,89,62,Festive
2019-05-15,Cotton saree,Silk,Shree Ram textiles,461.15,678.5,490,141,Workwear
2022-05-17,Pants,Silk,Shree fabrics,520.29,616.19,325,21,Casual
2016-03-23,Skirt,Wool,Vasanth textiles,555.33,769.43,499,123,Formal
2020-02-13,T-shirt,Polyester,Shree fabrics,947.32,1400.29,364,85,Casual
2019-10-26,Lungi,Linen,Shree Ram textiles,741.99,849.22,169,192,Festive
2022-03-10,T-shirt,Cotton,Sri Lakshmi silks,376.69,507.76,423,12,Formal
2020-04-03,Cotton saree,Wool,Shree Ram textiles,774.15,1086.08,370,56,Festive
2022-02-22,Churidhar,Cotton,Emco textiles,682.82,961.07,63,166,Seasonal
2021-10-19,Churidhar,Cotton,Shree Ram textiles,787.6,1173.98,110,119,Formal
2018-09-29,Lungi,Cotton,Vasanth textiles,602.17,870.05,235,109,Festive
2020-01-22,T-shirt,Cotton,Shree fabrics,699.93,1047.21,226,3,Seasonal
2016-02-06,Jacket,Cotton,Sri Lakshmi silks,898.54,996.4,198,54,Formal
2020-08-25,T-shirt,Cotton,Shree fabrics,777.63,997.74,234,96,Formal
2018-08-08,Skirt,Linen,Shree Ram textiles,512.21,744.31,488,21,Formal
2019-05-02,Pants,Silk,Sri Lakshmi silks,942.62,1251.64,85,67,Casual
2021-06-26,Pants,Linen,Vasanth textiles,831.66,1020.9,276,107,Seasonal
2022-08-07,Churidhar,Silk,Vasanth textiles,295.15,336.26,254,159,Casual
2019-05-10,Cotton saree,Linen,Vasanth textiles,925.94,1156.5,218,28,Seasonal
2018-03-09,Saree,Cotton,Emco textiles,407.08,539.09,161,47,Formal
2019-01-22,Jacket,Wool,Emco textiles,97.49,128.72,436,29,Workwear
2022-09-14,Shirt,Linen,Emco textiles,480.43,608.82,86,55,Festive
2017-03-19,Jacket,Cotton,Shree Ram textiles,748.52,1050.7,392,32,Formal
2021-10-27,Shirt,Cotton,Vasanth textiles,214.42,237.3,145,4,Formal
2020-02-08,Skirt,Cotton,Sri Lakshmi silks,639.54,717.01,410,37,Workwear
2020-07-04,Saree,Polyester,Sri Lakshmi silks,128.63,184.51,269,14,Formal
2016-02-27,Shirt,Cotton,Shree Ram textiles,899.72,1205.22,298,81,Casual
2022-03-24,Jacket,Cotton,Shree fabrics,839.6,1068.16,144,16,Seasonal
2021-02-18,Cotton saree,Silk,Shree fabrics,267.62,319.12,141,110,Casual
2018-04-09,Skirt,Cotton,Emco textiles,505.11,670.9,264,64,Seasonal
2018-01-28,Blouse piece,Cotton,Shree fabrics,588.8,841.46,304,86,Festive
2021-10-08,Saree,Linen,Sri Lakshmi silks,556.8,680.23,391,195,Seasonal
2020-05-14,Shirt,Wool,Vasanth textiles,161.36,211.01,123,139,Formal
2022-07-31,Cotton saree,Silk,Emco textiles,150.05,182.36,356,125,Formal
2021-05-21,Shirt,Silk,Vasanth textiles,219.74,273.96,175,45,Formal
2018-09-26,Skirt,Wool,Sri Lakshmi silks,340.4,418.0,240,3,Formal
2018-11-21,Skirt,Wool,Shree Ram textiles,593.65,824.17,177,50,Casual
2020-04-16,Skirt,Linen,Vasanth textiles,876.09,996.66,282,143,Festive
2020-11-11,Shirt,Wool,Emco textiles,826.26,1003.07,482,161,Seasonal
2022-02-18,Cotton saree,Linen,Sri Lakshmi silks,26.56,34.12,494,109,Workwear
2018-03-25,Skirt,Silk,Vasanth textiles,372.04,522.34,424,185,Seasonal
2016-11-13,Churidhar,Cotton,Vasanth textiles,380.42,510.86,436,200,Festive
2019-08-12,Jacket,Linen,Sri Lakshmi silks,923.32,1293.13,113,64,Workwear
2017-04-21,Shirt,Silk,Vasanth textiles,666.17,996.93,108,143,Festive
2018-04-30,Shirt,Silk,Shree fabrics,381.57,562.01,88,143,Casual
2017-05-17,Churidhar,Cotton,Sri Lakshmi silks,846.77,966.07,70,114,Formal
2020-03-11,Lungi,Polyester,Vasanth textiles,802.08,1147.97,12,5,Formal
2022-10-03,Cotton saree,Wool,Shree Ram textiles,551.08,787.75,108,111,Workwear
2020-09-01,Skirt,Polyester,Vasanth textiles,551.87,733.62,438,6,Casual
2018-11-01,Cotton saree,Silk,Shree fabrics,862.56,1149.25,441,51,Formal
2017-10-13,Jacket,Linen,Vasanth textiles,813.58,1066.38,165,118,Workwear
2017-10-23,Shirt,Polyester,Sri Lakshmi silks,62.75,91.1,153,54,Workwear
2019-07-24,T-shirt,Linen,Shree fabrics,152.38,176.6,403,158,Casual
2021-12-22,Shirt,Linen,Sri Lakshmi silks,98.9,121.42,163,7,Festive
2022-08-24,Skirt,Silk,Shree Ram textiles,975.27,1300.74,38,129,Festive
2018-05-25,Skirt,Polyester,Shree fabrics,311.33,426.65,301,147,Casual
2018-02-01,Churidhar,Linen,Vasanth textiles,689.12,819.88,275,56,Formal
2020-01-27,Churidhar,Linen,Sri Lakshmi silks,395.52,571.86,26,127,Seasonal
2021-06-03,T-shirt,Polyester,Shree Ram textiles,654.5,915.68,426,125,Formal
2018-11-21,Pants,Cotton,Emco textiles,423.62,518.26,194,114,Formal
2019-09-09,Pants,Silk,Vasanth textiles,63.28,92.79,341,17,Workwear
2020-05-14,Blouse piece,Polyester,Shree fabrics,717.31,815.46,82,83,Seasonal
2021-12-23,Cotton saree,Linen,Shree Ram textiles,22.88,30.19,29,67,Festive
2016-09-18,Jacket,Wool,Shree Ram textiles,806.94,1113.06,42,118,Casual
2021-11-26,Churidhar,Silk,Shree fabrics,764.53,1022.41,221,52,Workwear
2019-09-26,Pants,Polyester,Vasanth textiles,104.96,143.66,195,36,Festive
2019-06-30,Jacket,Silk,Emco textiles,761.79,1058.09,230,167,Formal
2022-07-22,Jacket,Polyester,Shree fabrics,749.79,1098.29,420,47,Festive
2022-07-28,Cotton saree,Silk,Sri Lakshmi silks,842.15,1063.65,476,88,Casual
2017-11-14,Cotton saree,Polyester,Shree Ram textiles,887.65,1300.58,463,1,Workwear
2019-02-12,Pants,Cotton,Sri Lakshmi silks,524.84,729.71,144,10,Formal
2016-03-13,T-shirt,Wool,Shree fabrics,716.75,893.0,385,178,Seasonal
2020-11-14,Lungi,Polyester,Sri Lakshmi silks,720.47,997.0,120,188,Seasonal
2017-03-07,Skirt,Wool,Shree fabrics,405.33,511.54,136,39,Workwear
2018-11-02,Saree,Polyester,Shree fabrics,38.51,43.56,10,1,Workwear
2019-10-20,Skirt,Wool,Emco textiles,71.75,94.17,323,72,Casual
2019-11-16,Shirt,Linen,Emco textiles,193.79,260.47,39,184,Seasonal
2020-04-20,Pants,Silk,Emco textiles,351.98,486.82,324,126,Seasonal
2022-07-24,Lungi,Cotton,Shree fabrics,483.95,583.79,316,139,Formal
2020-01-25,Lungi,Polyester,Vasanth textiles,63.03,83.65,226,16,Festive
2019-01-24,Blouse piece,Wool,Emco textiles,445.83,627.9,446,82,Seasonal
2018-04-05,Skirt,Silk,Sri Lakshmi silks,630.19,843.42,318,151,Formal
2022-10-09,Pants,Silk,Emco textiles,911.09,1085.43,90,113,Workwear
2021-02-02,T-shirt,Cotton,Shree Ram textiles,849.9,955.84,357,11,Workwear
2018-12-06,T-shirt,Silk,Shree fabrics,216.8,316.53,498,123,Casual
2016-02-27,Cotton saree,Wool,Emco textiles,944.65,1328.34,197,138,Casual
2019-09-24,Lungi,Linen,Shree fabrics,23.69,27.27,294,40,Festive
2022-12-07,Skirt,Linen,Vasanth textiles,52.13,63.99,392,16,Seasonal
2020-06-20,Jacket,Linen,Sri Lakshmi silks,25.39,28.85,226,156,Workwear
2018-07-05,Shirt,Wool,Vasanth textiles,268.69,327.53,465,1,Casual
2020-12-16,Shirt,Linen,Sri Lakshmi silks,161.54,226.28,218,32,Workwear
2021-03-24,Saree,Polyester,Shree Ram textiles,337.47,466.33,412,7,Workwear
2022-04-18,Cotton saree,Linen,Sri Lakshmi silks,701.5,1004.58,18,149,Formal
2017-01-11,T-shirt,Wool,Shree Ram textiles,344.63,415.52,99,96,Casual
2017-04-08,Churidhar,Cotton,Vasanth textiles,186.85,209.03,60,51,Casual
2020-12-08,Jacket,Wool,Emco textiles,93.53,112.54,74,100,Festive
2020-05-09,Lungi,Polyester,Shree Ram textiles,482.96,642.25,294,136,Seasonal
2019-04-23,Cotton saree,Linen,Shree Ram textiles,636.08,823.09,175,103,Workwear
2016-12-16,Lungi,Silk,Emco textiles,904.82,1261.11,238,53,Casual
2017-06-19,Blouse piece,Silk,Emco textiles,638.94,886.32,54,144,Workwear
2020-10-25,Shirt,Silk,Vasanth textiles,799.44,1167.2,358,99,Seasonal
2022-05-30,Cotton saree,Polyester,Emco textiles,738.95,1095.9,349,113,Seasonal
2021-01-03,Saree,Wool,Emco textiles,178.1,237.85,218,4,Formal
2021-02-21,Pants,Linen,Sri Lakshmi silks,722.76,1005.68,270,123,Seasonal
2022-02-08,Cotton saree,Linen,Sri Lakshmi silks,150.86,199.25,431,78,Seasonal
2021-04-29,Skirt,Cotton,Emco textiles,765.73,996.76,10,142,Casual
2020-08-02,Skirt,Silk,Shree Ram textiles,561.45,730.18,472,180,Festive
2018-02-06,Pants,Wool,Shree fabrics,231.89,326.59,42,111,Casual
2017-06-12,Lungi,Wool,Sri Lakshmi silks,358.98,396.73,405,145,Formal
2021-11-20,Churidhar,Silk,Shree fabrics,256.75,346.53,386,197,Formal
2018-10-20,Cotton saree,Wool,Sri Lakshmi silks,101.56,119.95,161,99,Seasonal
2020-02-24,Shirt,Cotton,Vasanth textiles,57.26,83.62,118,148,Festive
2016-08-24,Jacket,Cotton,Sri Lakshmi silks,289.82,353.5,141,198,Seasonal
2021-06-05,Churidhar,Polyester,Sri Lakshmi silks,714.42,929.69,348,93,Seasonal
2020-02-01,Skirt,Wool,Shree fabrics,393.14,577.37,437,176,Casual
2019-03-11,Blouse piece,Polyester,Emco textiles,753.52,1070.19,68,50,Casual
2019-03-03,Skirt,Wool,Vasanth textiles,643.23,761.72,215,16,Casual
2020-04-08,Saree,Silk,Shree fabrics,655.47,833.9,101,139,Casual
2017-03-01,Jacket,Silk,Shree Ram textiles,302.39,439.2,74,135,Workwear
2017-10-17,Cotton saree,Polyester,Vasanth textiles,749.31,985.64,466,69,Casual
2020-10-07,Cotton saree,Wool,Sri Lakshmi silks,272.81,334.07,280,44,Casual
2021-10-11,T-shirt,Wool,Vasanth textiles,659.6,901.74,318,166,Casual
2020-12-27,Pants,Polyester,Shree Ram textiles,549.23,816.9,234,63,Formal
2017-04-30,Skirt,Cotton,Shree fabrics,254.15,329.92,471,58,Formal
2020-05-13,Skirt,Wool,Emco textiles,697.4,851.24,48,166,Formal
2021-08-20,Shirt,Polyester,Shree Ram textiles,122.87,173.27,259,175,Formal
2021-12-16,Blouse piece,Polyester,Sri Lakshmi silks,428.82,643.08,390,10,Festive
2020-05-03,Jacket,Wool,Vasanth textiles,465.22,625.62,207,67,Seasonal
2020-03-10,Churidhar,Linen,Vasanth textiles,365.39,544.84,394,80,Festive
2018-07-30,Blouse piece,Cotton,Shree Ram textiles,746.87,956.58,361,90,Festive
2017-07-20,Blouse piece,Silk,Emco textiles,734.51,918.73,398,103,Casual
2018-07-04,Skirt,Linen,Shree Ram textiles,962.76,1115.67,391,64,Seasonal
2022-07-09,Lungi,Cotton,Shree Ram textiles,244.06,304.9,204,22,Casual
2016-11-16,Cotton saree,Linen,Emco textiles,754.84,1087.28,324,140,Festive
2019-08-22,Skirt,Silk,Vasanth textiles,161.18,205.26,239,198,Formal
2016-03-13,Blouse piece,Linen,Emco textiles,895.3,1264.36,382,69,Formal
2022-03-14,Cotton saree,Polyester,Vasanth textiles,830.06,927.41,405,161,Workwear
2018-07-19,Pants,Polyester,Shree Ram textiles,680.07,974.82,64,130,Seasonal
2016-10-01,Cotton saree,Polyester,Emco textiles,333.38,412.97,276,65,Seasonal
2022-03-02,Shirt,Linen,Sri Lakshmi silks,816.13,1199.99,205,115,Seasonal
2020-09-01,T-shirt,Wool,Sri Lakshmi silks,195.59,239.53,100,3,Festive
2017-02-03,Skirt,Cotton,Emco textiles,158.48,220.24,414,187,Festive
2019-03-14,T-shirt,Wool,Shree fabrics,851.31,1135.19,153,43,Casual
2018-05-21,T-shirt,Cotton,Sri Lakshmi silks,186.84,237.88,364,126,Festive
2017-11-10,Blouse piece,Wool,Shree fabrics,100.82,126.66,465,119,Formal
2021-09-14,Pants,Silk,Vasanth textiles,176.75,228.41,58,113,Festive
2020-05-11,Saree,Linen,Sri Lakshmi silks,534.74,643.97,378,35,Casual
2020-07-16,Saree,Wool,Sri Lakshmi silks,982.35,1115.44,472,147,Workwear
2017-08-10,Jacket,Silk,Shree Ram textiles,568.08,807.58,219,166,Workwear
2021-05-20,Cotton saree,Linen,Emco textiles,695.71,864.1,92,24,Casual
2018-06-02,T-shirt,Linen,Shree Ram textiles,104.3,145.19,227,76,Formal
2020-04-03,T-shirt,Silk,Sri Lakshmi silks,309.78,449.57,158,194,Casual
2020-12-03,T-shirt,Wool,Shree fabrics,207.38,265.34,187,109,Seasonal
2018-11-11,Cotton saree,Cotton,Shree fabrics,405.79,548.89,463,150,Formal
2019-10-22,Cotton saree,Linen,Shree fabrics,485.56,561.03,401,12,Formal
2021-07-19,Shirt,Polyester,Shree fabrics,157.11,178.49,199,178,Festive
2017-05-16,Saree,Linen,Shree Ram textiles,210.33,254.04,218,168,Seasonal
2019-12-06,T-shirt,Polyester,Emco textiles,680.87,989.21,220,80,Seasonal
2016-09-10,Cotton saree,Linen,Sri Lakshmi silks,277.19,341.83,97,200,Festive
2022-06-06,Jacket,Linen,Emco textiles,483.64,537.29,169,106,Seasonal
2019-10-11,Lungi,Linen,Emco textiles,590.91,851.81,221,167,Festive
2016-05-31,Churidhar,Wool,Sri Lakshmi silks,676.69,835.29,151,124,Casual
2017-12-17,Cotton saree,Polyester,Sri Lakshmi silks,183.85,229.89,48,34,Seasonal
2021-03-03,Churidhar,Silk,Shree fabrics,901.57,1274.68,485,32,Seasonal
2016-02-22,Blouse piece,Linen,Shree Ram textiles,276.25,314.0,125,55,Festive
2018-11-22,Churidhar,Silk,Shree Ram textiles,709.24,1050.52,330,43,Casual
2018-10-09,Churidhar,Silk,Shree Ram textiles,252.34,354.81,260,147,Casual
2020-02-29,Shirt,Wool,Vasanth textiles,784.88,995.11,474,185,Festive
2021-03-01,Pants,Linen,Vasanth textiles,236.67,336.13,175,6,Formal
2022-07-15,Lungi,Silk,Vasanth textiles,401.95,585.38,435,5,Seasonal
2017-12-09,T-shirt,Silk,Emco textiles,813.73,911.74,53,109,Casual
2018-10-06,Cotton saree,Wool,Vasanth textiles,186.85,248.13,320,55,Workwear
2016-09-13,Lungi,Polyester,Shree fabrics,601.91,689.81,175,87,Workwear
2018-12-10,Saree,Silk,Shree Ram textiles,448.74,518.66,393,90,Casual
2017-04-23,Blouse piece,Cotton,Vasanth textiles,208.61,240.95,385,63,Seasonal
2019-08-24,Pants,Cotton,Vasanth textiles,230.51,285.89,17,85,Casual
2021-10-06,Blouse piece,Linen,Shree Ram textiles,674.63,858.23,86,136,Workwear
2021-06-22,Cotton saree,Cotton,Vasanth textiles,550.08,758.3,137,184,Festive
2017-08-09,Pants,Polyester,Shree fabrics,335.43,492.36,58,90,Casual
2016-11-05,Blouse piece,Wool,Shree fabrics,581.28,716.9,340,123,Casual
2019-10-23,Blouse piece,Wool,Emco textiles,757.91,1114.99,420,82,Casual
2022-04-10,Lungi,Cotton,Emco textiles,239.72,334.85,141,67,Seasonal
2021-05-10,Cotton saree,Polyester,Sri Lakshmi silks,745.22,1070.8,166,18,Festive
2017-03-10,Churidhar,Cotton,Shree Ram textiles,691.96,866.64,149,70,Casual
2020-03-06,Blouse piece,Cotton,Shree fabrics,482.07,613.05,260,92,Formal
2016-11-09,Blouse piece,Silk,Emco textiles,832.44,1114.94,354,138,Workwear
2020-10-23,Lungi,Wool,Shree fabrics,271.7,334.99,238,103,Festive
2018-11-02,Churidhar,Linen,Sri Lakshmi silks,258.07,292.17,250,82,Festive
2018-05-09,Shirt,Wool,Shree fabrics,632.76,896.69,320,1,Formal
2017-08-18,Shirt,Wool,Shree fabrics,72.09,97.85,160,128,Formal
2016-11-15,Cotton saree,Polyester,Vasanth textiles,537.01,803.74,177,89,Formal
2018-09-21,Skirt,Silk,Emco textiles,720.27,1009.6,368,152,Seasonal
2022-02-18,Shirt,Polyester,Shree fabrics,309.71,396.68,391,75,Formal
2022-12-06,Shirt,Silk,Vasanth textiles,267.02,342.78,362,160,Festive
2021-01-19,Lungi,Wool,Emco textiles,160.5,235.56,266,58,Formal
2020-03-16,Skirt,Polyester,Emco textiles,825.53,1050.51,351,94,Festive
2017-02-15,Blouse piece,Polyester,Shree Ram textiles,603.49,716.14,413,30,Seasonal
2017-05-25,Saree,Cotton,Sri Lakshmi silks,204.65,248.93,345,55,Seasonal
2018-11-04,Jacket,Wool,Shree fabrics,846.81,1196.86,315,137,Formal
2019-06-25,Lungi,Polyester,Shree Ram textiles,857.82,1156.51,281,93,Casual
2020-02-29,Lungi,Silk,Shree fabrics,813.05,1109.38,370,76,Seasonal
2018-09-07,Jacket,Cotton,Emco textiles,661.44,847.68,50,64,Workwear
2022-12-05,Shirt,Wool,Sri Lakshmi silks,629.06,707.65,166,138,Seasonal
2022-03-21,Cotton saree,Linen,Shree fabrics,334.01,470.33,440,70,Festive
2019-06-18,Shirt,Linen,Sri Lakshmi silks,937.24,1054.22,66,56,Workwear
2022-03-26,Blouse piece,Cotton,Shree fabrics,538.88,795.98,445,49,Workwear
2019-08-17,T-shirt,Wool,Emco textiles,259.3,341.19,432,150,Formal
2020-06-20,Jacket,Polyester,Shree fabrics,629.53,734.7,176,68,Seasonal
2019-11-14,T-shirt,Linen,Shree Ram textiles,426.29,498.45,473,94,Casual
2017-11-03,Saree,Wool,Emco textiles,278.67,376.02,110,25,Festive
2022-06-16,Saree,Cotton,Vasanth textiles,360.22,506.33,298,173,Formal
2018-12-16,Lungi,Wool,Shree Ram textiles,614.46,683.75,95,35,Casual
2022-11-16,Shirt,Polyester,Shree Ram textiles,321.55,468.55,179,104,Formal
2018-12-09,Churidhar,Cotton,Emco textiles,53.29,73.97,349,151,Seasonal
2018-08-27,T-shirt,Polyester,Shree Ram textiles,232.91,326.62,407,99,Festive
2020-09-15,Shirt,Linen,Vasanth textiles,309.84,415.64,326,195,Casual
2021-04-20,Skirt,Wool,Shree Ram textiles,87.87,116.27,494,33,Casual
2019-01-19,Cotton saree,Silk,Vasanth textiles,314.83,441.34,271,136,Workwear
2021-11-05,Churidhar,Wool,Shree Ram textiles,445.08,651.82,491,87,Formal
2022-08-24,Lungi,Polyester,Vasanth textiles,909.32,1055.4,93,111,Seasonal
2019-05-11,Saree,Silk,Vasanth textiles,480.91,594.65,154,68,Casual
2020-07-19,Saree,Linen,Shree Ram textiles,955.38,1275.46,366,48,Casual
2019-08-04,T-shirt,Cotton,Vasanth textiles,156.95,197.55,243,172,Festive
2019-06-15,Pants,Linen,Emco textiles,821.6,1184.82,241,195,Festive
2016-09-15,Blouse piece,Cotton,Emco textiles,636.69,869.63,18,14,Seasonal
2020-12-24,Shirt,Linen,Shree Ram textiles,446.84,625.11,431,193,Festive
2022-07-03,Cotton saree,Linen,Shree Ram textiles,527.84,739.93,138,91,Casual
2020-10-22,Pants,Silk,Emco textiles,682.85,870.62,448,129,Seasonal
2016-03-08,Jacket,Polyester,Emco textiles,545.8,636.32,345,148,Casual
2019-12-20,Pants,Wool,Shree fabrics,137.12,159.98,44,153,Seasonal
2019-07-21,Jacket,Wool,Vasanth textiles,342.37,417.62,70,192,Workwear
2022-11-14,Lungi,Cotton,Sri Lakshmi silks,841.36,953.19,457,126,Festive
2022-03-17,Jacket,Linen,Sri Lakshmi silks,743.55,849.39,465,3,Seasonal
2017-02-23,Saree,Polyester,Shree fabrics,29.14,42.63,172,134,Casual
2017-05-12,Skirt,Polyester,Shree fabrics,952.33,1147.81,104,107,Casual
2021-06-14,Pants,Wool,Shree Ram textiles,669.75,851.58,311,168,Workwear
2019-12-27,Blouse piece,Linen,Shree fabrics,617.8,903.59,63,184,Workwear
2020-02-07,Shirt,Silk,Vasanth textiles,675.62,752.96,51,94,Festive
2021-07-22,Lungi,Linen,Sri Lakshmi silks,146.09,203.89,340,118,Formal
2019-03-21,T-shirt,Silk,Shree Ram textiles,616.97,894.81,375,156,Festive
2017-09-15,Jacket,Linen,Shree fabrics,222.96,254.73,37,131,Casual
2018-08-22,Blouse piece,Silk,Shree Ram textiles,546.07,684.0,316,110,Workwear
2016-12-30,T-shirt,Linen,Shree fabrics,871.55,1302.05,245,75,Seasonal
2016-06-20,Jacket,Silk,Shree fabrics,82.4,116.05,72,38,Formal
2017-02-14,Pants,Wool,Sri Lakshmi silks,822.88,1177.95,83,119,Workwear
2021-07-20,Pants,Linen,Sri Lakshmi silks,217.06,325.31,243,162,Festive
2017-02-11,Lungi,Polyester,Shree fabrics,543.98,722.21,263,70,Seasonal
2022-10-07,Saree,Cotton,Emco textiles,108.02,150.54,257,158,Seasonal
2018-12-08,Churidhar,Silk,Sri Lakshmi silks,364.36,453.46,437,36,Seasonal
2018-05-19,Blouse piece,Silk,Sri Lakshmi silks,855.13,1235.8,110,40,Seasonal
2016-02-02,Skirt,Wool,Emco textiles,137.75,166.48,145,15,Seasonal
2019-05-07,Churidhar,Wool,Shree Ram textiles,123.58,147.3,292,14,Formal
2017-03-07,Lungi,Polyester,Shree fabrics,256.45,377.79,69,96,Workwear
2022-10-31,Blouse piece,Linen,Emco textiles,197.15,229.43,86,183,Formal
2019-12-19,Skirt,Cotton,Vasanth textiles,66.46,86.52,272,10,Casual
2022-05-29,Pants,Wool,Sri Lakshmi silks,59.95,75.94,470,67,Workwear
2017-03-22,Shirt,Linen,Shree fabrics,163.55,191.93,321,200,Seasonal
2019-12-17,Lungi,Wool,Shree fabrics,591.67,852.25,389,88,Festive
2016-12-05,Saree,Polyester,Emco textiles,637.64,854.06,389,164,Formal
2019-06-07,Churidhar,Linen,Emco textiles,231.29,295.25,457,196,Formal
2018-09-03,Shirt,Linen,Sri Lakshmi silks,519.48,643.69,191,56,Workwear
2021-11-01,Jacket,Polyester,Sri Lakshmi silks,797.34,1154.07,69,109,Formal
2017-08-12,Pants,Linen,Vasanth textiles,379.95,479.43,388,115,Casual
2021-03-16,Skirt,Linen,Sri Lakshmi silks,403.79,534.26,104,15,Formal
2017-07-10,Shirt,Linen,Emco textiles,475.74,608.49,56,21,Casual
2022-07-14,Lungi,Silk,Shree Ram textiles,472.07,701.68,82,104,Workwear
2021-07-19,Jacket,Linen,Shree fabrics,252.5,361.76,133,103,Casual
2020-08-29,Blouse piece,Linen,Shree Ram textiles,704.33,817.81,23,153,Casual
2020-07-20,Skirt,Linen,Shree fabrics,768.2,972.83,405,199,Formal
2017-06-07,Saree,Cotton,Sri Lakshmi silks,813.37,968.74,134,116,Workwear
2018-02-05,Jacket,Polyester,Vasanth textiles,168.77,191.31,120,106,Seasonal
2022-08-24,Skirt,Polyester,Shree Ram textiles,301.2,417.86,85,43,Workwear
2021-10-28,Lungi,Wool,Vasanth textiles,729.87,850.91,194,192,Formal
2018-07-01,Blouse piece,Cotton,Vasanth textiles,859.02,1219.3,336,85,Festive
2019-02-28,Pants,Wool,Emco textiles,695.75,1041.73,497,30,Formal
2019-03-05,Jacket,Silk,Shree Ram textiles,101.57,114.6,233,196,Formal
2019-05-17,Lungi,Cotton,Shree Ram textiles,618.36,874.51,468,96,Casual
2022-11-22,T-shirt,Linen,Emco textiles,953.24,1238.16,216,198,Casual
2022-01-01,Shirt,Silk,Shree Ram textiles,621.35,685.47,412,13,Festive
2021-02-04,Saree,Linen,Vasanth textiles,855.74,1201.51,205,45,Festive
2022-09-19,Pants,Silk,Shree fabrics,961.25,1325.06,91,188,Workwear
2018-05-03,T-shirt,Silk,Shree fabrics,539.74,715.0,334,182,Formal
2022-11-11,Saree,Wool,Vasanth textiles,32.55,46.73,153,91,Formal
2022-07-08,T-shirt,Linen,Shree fabrics,947.93,1344.18,136,12,Casual
2018-11-22,Skirt,Polyester,Emco textiles,336.53,436.66,451,71,Seasonal
2017-07-31,Blouse piece,Wool,Emco textiles,326.79,427.47,320,157,Formal
2018-01-28,Cotton saree,Wool,Shree Ram textiles,862.48,960.72,130,134,Seasonal
2016-11-03,Jacket,Linen,Shree fabrics,267.55,318.31,286,38,Workwear
2016-09-23,Shirt,Cotton,Shree Ram textiles,666.32,819.5,222,92,Workwear
2019-12-21,Saree,Cotton,Sri Lakshmi silks,600.93,788.89,114,151,Seasonal
2016-07-31,Pants,Polyester,Shree Ram textiles,305.82,363.98,134,63,Seasonal
2016-07-11,Lungi,Wool,Shree Ram textiles,974.68,1338.22,225,200,Festive
2022-10-08,T-shirt,Polyester,Sri Lakshmi silks,48.18,57.45,464,187,Casual
2018-04-12,Churidhar,Wool,Shree Ram textiles,181.04,225.87,357,123,Formal
2020-01-07,Shirt,Silk,Shree fabrics,800.49,1005.35,295,70,Festive
2017-02-16,Cotton saree,Wool,Emco textiles,647.53,775.2,339,32,Formal
2017-04-12,Jacket,Polyester,Shree Ram textiles,239.19,287.49,174,82,Festive
2022-04-04,Pants,Linen,Shree fabrics,903.77,1008.48,101,173,Formal
2022-11-07,Cotton saree,Polyester,Emco textiles,984.72,1290.36,254,184,Formal
2021-09-07,Blouse piece,Polyester,Sri Lakshmi silks,969.6,1371.92,457,10,Seasonal
2020-04-07,Skirt,Cotton,Vasanth textiles,315.33,369.82,86,10,Casual
2018-12-29,Jacket,Silk,Vasanth textiles,909.67,1337.91,167,121,Workwear
2021-09-17,Shirt,Linen,Sri Lakshmi silks,950.72,1097.92,37,148,Casual
2021-07-10,Blouse piece,Silk,Vasanth textiles,617.15,830.83,257,199,Seasonal
2021-11-17,Skirt,Cotton,Shree fabrics,710.83,838.76,319,91,Festive
2019-07-31,T-shirt,Cotton,Emco textiles,72.81,97.61,132,130,Workwear
2019-12-07,Saree,Cotton,Shree fabrics,153.87,181.41,259,99,Workwear
2017-11-02,Blouse piece,Silk,Vasanth textiles,103.11,153.3,254,52,Formal
2021-09-14,Pants,Polyester,Shree fabrics,477.68,686.61,321,166,Seasonal
2017-10-02,Shirt,Cotton,Shree fabrics,551.93,802.51,12,110,Workwear
2019-09-12,Blouse piece,Wool,Vasanth textiles,815.91,1126.33,67,88,Workwear
2017-09-18,Shirt,Linen,Vasanth textiles,489.18,628.0,471,29,Casual
2019-04-11,Pants,Silk,Shree Ram textiles,569.26,659.18,129,13,Casual
2016-11-26,Lungi,Cotton,Shree Ram textiles,688.58,836.6,430,12,Formal
2016-06-08,Churidhar,Polyester,Vasanth textiles,880.65,1187.54,152,70,Seasonal
2018-07-29,T-shirt,Wool,Sri Lakshmi silks,781.23,1152.46,270,33,Formal
2016-04-04,Skirt,Silk,Vasanth textiles,883.74,1210.51,76,12,Festive
2017-04-27,Pants,Linen,Shree Ram textiles,931.29,1107.4,111,187,Seasonal
2019-03-27,Jacket,Cotton,Shree Ram textiles,170.29,203.48,168,124,Workwear
2020-08-30,Blouse piece,Linen,Shree Ram textiles,792.56,1041.98,264,2,Workwear
2021-12-09,Shirt,Wool,Shree fabrics,103.27,136.03,16,195,Formal
2021-03-29,Skirt,Linen,Sri Lakshmi silks,523.09,692.53,404,176,Casual
2020-11-09,Lungi,Linen,Vasanth textiles,169.7,206.58,108,47,Seasonal
2019-06-27,Cotton saree,Wool,Emco textiles,490.26,731.23,108,88,Festive
2017-04-19,Pants,Cotton,Vasanth textiles,363.91,513.73,468,126,Festive
2017-06-09,Shirt,Silk,Vasanth textiles,883.47,1042.96,78,8,Seasonal
2017-02-17,Saree,Silk,Sri Lakshmi silks,246.26,289.59,347,98,Formal
2017-03-27,Blouse piece,Wool,Shree Ram textiles,256.15,380.1,101,107,Casual
2020-10-22,Shirt,Polyester,Sri Lakshmi silks,837.16,1150.2,253,78,Workwear
2022-01-11,Shirt,Wool,Sri Lakshmi silks,78.77,102.47,29,11,Casual
2016-02-03,Shirt,Wool,Sri Lakshmi silks,422.46,533.02,61,128,Festive
2021-11-04,T-shirt,Wool,Shree Ram textiles,967.13,1299.4,224,40,Festive
2016-07-04,Cotton saree,Silk,Shree Ram textiles,424.25,600.37,449,85,Festive
2018-06-20,Cotton saree,Cotton,Emco textiles,62.6,92.74,214,154,Formal
2021-05-09,Saree,Cotton,Vasanth textiles,971.05,1436.51,491,80,Casual
2016-06-19,Saree,Wool,Sri Lakshmi silks,386.38,547.78,182,97,Seasonal
2021-11-02,Saree,Wool,Emco textiles,740.29,841.63,140,184,Seasonal
2022-10-06,Lungi,Silk,Shree Ram textiles,318.34,422.21,115,164,Seasonal
2020-03-04,Pants,Silk,Shree Ram textiles,843.72,951.95,250,81,Casual
2021-11-29,Shirt,Linen,Shree Ram textiles,818.2,1009.79,219,22,Seasonal
2017-05-25,Blouse piece,Cotton,Vasanth textiles,793.0,911.77,331,16,Workwear
2022-03-13,Churidhar,Wool,Shree fabrics,59.58,74.72,323,67,Formal
2019-11-11,Churidhar,Cotton,Sri Lakshmi silks,751.79,944.59,22,177,Casual
2021-03-21,Shirt,Polyester,Shree Ram textiles,878.22,1205.24,383,155,Workwear
2019-09-06,Lungi,Silk,Shree fabrics,77.73,104.35,467,79,Workwear
2020-03-06,Blouse piece,Linen,Vasanth textiles,836.37,936.92,264,136,Festive
2019-07-10,Jacket,Linen,Shree fabrics,674.51,889.37,467,107,Casual
2017-05-15,Blouse piece,Linen,Emco textiles,301.55,372.84,39,183,Formal
2016-04-14,Skirt,Silk,Shree Ram textiles,813.29,988.13,277,178,Workwear
2018-11-04,Pants,Silk,Emco textiles,898.11,1088.41,145,196,Workwear
2017-03-25,Shirt,Wool,Shree Ram textiles,758.36,946.55,172,163,Workwear
2019-06-08,Lungi,Polyester,Sri Lakshmi silks,426.34,541.52,374,15,Seasonal
2020-07-22,Skirt,Silk,Sri Lakshmi silks,53.32,61.05,210,12,Formal
2016-05-03,Blouse piece,Linen,Shree Ram textiles,455.02,632.31,422,2,Formal
2016-07-05,Saree,Linen,Sri Lakshmi silks,585.65,733.04,448,48,Workwear
2017-08-11,T-shirt,Polyester,Shree fabrics,70.32,95.06,81,141,Workwear
2017-12-07,Pants,Wool,Shree Ram textiles,234.96,269.86,334,16,Casual
2020-09-30,Saree,Polyester,Emco textiles,903.34,1108.27,320,141,Formal
2021-10-28,Saree,Polyester,Emco textiles,852.94,1114.85,219,140,Casual
2020-06-30,Pants,Wool,Emco textiles,135.23,175.73,28,28,Casual
2016-04-26,Lungi,Wool,Sri Lakshmi silks,336.88,468.2,437,87,Formal
2021-10-24,Cotton saree,Wool,Sri Lakshmi silks,212.59,246.6,312,135,Seasonal
2018-08-18,Saree,Polyester,Shree fabrics,407.59,474.62,78,69,Workwear
2022-07-31,Pants,Wool,Emco textiles,988.37,1149.09,364,26,Seasonal
2021-07-12,Lungi,Polyester,Emco textiles,418.5,504.29,67,101,Workwear
2017-09-11,Cotton saree,Polyester,Sri Lakshmi silks,469.43,556.93,135,43,Casual
2020-11-07,Skirt,Cotton,Emco textiles,690.52,796.53,171,143,Festive
2017-06-07,Shirt,Cotton,Sri Lakshmi silks,520.24,727.39,437,154,Formal
2018-09-18,Jacket,Silk,Vasanth textiles,890.66,1317.54,299,53,Casual
2022-05-06,Cotton saree,Wool,Emco textiles,248.05,277.54,204,140,Seasonal
2019-03-13,Saree,Linen,Shree Ram textiles,702.15,1012.14,479,91,Formal
2017-10-25,Lungi,Cotton,Shree Ram textiles,756.3,996.0,240,83,Festive
2017-01-02,Cotton saree,Linen,Shree Ram textiles,339.46,409.67,36,158,Casual
2016-05-26,Saree,Cotton,Shree fabrics,816.76,959.06,182,59,Casual
2017-02-16,Blouse piece,Cotton,Emco textiles,173.31,210.37,205,13,Festive
2022-03-14,Shirt,Silk,Vasanth textiles,67.36,79.29,160,11,Festive
2016-06-17,T-shirt,Silk,Sri Lakshmi silks,510.89,657.22,475,121,Seasonal
2020-02-10,Jacket,Wool,Shree Ram textiles,685.55,959.21,161,43,Formal
2016-09-15,Lungi,Silk,Sri Lakshmi silks,928.16,1380.93,42,145,Casual
2021-08-10,T-shirt,Silk,Sri Lakshmi silks,197.94,272.82,75,2,Festive
2020-02-01,Cotton saree,Wool,Shree fabrics,877.25,1117.99,388,76,Workwear
2016-04-09,Skirt,Silk,Sri Lakshmi silks,435.24,633.76,374,168,Seasonal
2020-12-15,Lungi,Silk,Shree fabrics,505.32,669.37,35,48,Workwear
2020-10-10,Saree,Polyester,Shree fabrics,652.69,731.3,415,137,Seasonal
2016-03-21,Saree,Polyester,Emco textiles,482.7,616.16,226,48,Festive
2017-04-20,T-shirt,Silk,Shree fabrics,697.16,1022.12,393,63,Workwear
2021-09-08,Jacket,Cotton,Vasanth textiles,541.86,740.77,454,158,Festive
2017-08-27,T-shirt,Silk,Sri Lakshmi silks,347.74,518.19,259,199,Formal
2020-04-14,Lungi,Polyester,Shree Ram textiles,416.93,461.07,367,150,Formal
2017-06-21,Churidhar,Wool,Shree fabrics,643.97,713.17,207,147,Seasonal
2019-04-26,Skirt,Wool,Emco textiles,457.67,515.2,348,145,Seasonal
2019-06-12,Skirt,Wool,Vasanth textiles,346.89,416.17,383,164,Formal
2019-06-23,T-shirt,Silk,Sri Lakshmi silks,281.64,381.28,313,107,Festive
2018-02-19,Churidhar,Polyester,Emco textiles,727.05,1020.74,89,147,Formal
2019-09-19,Pants,Polyester,Shree Ram textiles,90.13,117.09,495,109,Seasonal
2019-11-21,Jacket,Wool,Shree Ram textiles,746.67,906.95,58,115,Workwear
2019-01-24,Saree,Wool,Vasanth textiles,394.0,569.44,14,188,Casual
2021-02-18,Pants,Wool,Sri Lakshmi silks,137.53,202.6,273,177,Casual
2021-11-12,Pants,Polyester,Shree fabrics,233.56,258.35,37,92,Seasonal
2017-04-01,Churidhar,Wool,Shree Ram textiles,214.22,236.36,292,56,Casual
2019-02-04,T-shirt,Polyester,Shree fabrics,724.83,852.98,311,112,Seasonal
2016-10-12,T-shirt,Polyester,Shree Ram textiles,943.45,1238.06,35,116,Casual
2017-09-21,Saree,Cotton,Vasanth textiles,220.68,288.7,260,23,Seasonal
2021-12-14,Blouse piece,Polyester,Shree Ram textiles,364.73,506.78,292,29,Workwear
2021-08-18,T-shirt,Cotton,Sri Lakshmi silks,562.49,653.52,213,190,Seasonal
2019-09-16,Shirt,Polyester,Sri Lakshmi silks,552.73,698.66,64,27,Casual
2020-11-23,Blouse piece,Cotton,Sri Lakshmi silks,781.06,912.86,186,49,Workwear
2016-06-28,Pants,Silk,Vasanth textiles,979.5,1294.4,281,47,Workwear
2017-09-15,Churidhar,Wool,Shree Ram textiles,382.2,502.37,493,98,Festive
2017-10-06,Saree,Silk,Emco textiles,803.57,935.26,499,175,Formal
2021-09-28,Lungi,Wool,Vasanth textiles,405.41,446.84,321,73,Workwear
2020-04-28,Shirt,Linen,Vasanth textiles,867.6,1067.23,94,128,Festive
2022-05-02,Pants,Cotton,Emco textiles,841.14,1222.04,64,82,Workwear
2019-04-19,Saree,Polyester,Vasanth textiles,387.36,513.86,458,176,Casual
2018-04-08,Shirt,Cotton,Shree Ram textiles,985.7,1189.08,189,47,Seasonal
2017-01-26,Jacket,Wool,Vasanth textiles,423.89,588.68,430,46,Formal
2020-07-22,Blouse piece,Cotton,Shree fabrics,79.55,105.04,60,139,Festive
2021-07-01,Skirt,Linen,Shree Ram textiles,389.82,487.91,263,70,Casual
2017-06-19,Cotton saree,Cotton,Sri Lakshmi silks,905.67,1066.97,164,117,Festive
2016-05-17,Saree,Polyester,Shree fabrics,606.46,696.14,494,61,Festive
2021-09-14,Saree,Linen,Vasanth textiles,330.63,407.55,82,30,Festive
2017-05-16,Lungi,Linen,Vasanth textiles,84.65,93.51,407,178,Festive
2016-08-21,Churidhar,Silk,Vasanth textiles,624.54,858.11,40,105,Festive
2020-01-13,Jacket,Cotton,Emco textiles,548.11,717.11,119,65,Festive
2016-10-16,Jacket,Silk,Sri Lakshmi silks,516.72,599.46,127,32,Formal
2016-08-07,T-shirt,Wool,Emco textiles,284.68,319.82,129,65,Casual
2019-07-22,Shirt,Linen,Sri Lakshmi silks,610.38,839.39,148,143,Workwear
2016-09-22,Churidhar,Silk,Sri Lakshmi silks,72.93,102.08,225,172,Festive
2018-05-28,Skirt,Cotton,Sri Lakshmi silks,605.91,882.04,241,66,Workwear
2021-01-19,Shirt,Silk,Vasanth textiles,716.38,1062.87,269,51,Workwear
2021-07-16,Cotton saree,Linen,Vasanth textiles,470.83,599.35,119,159,Formal
2016-04-28,Jacket,Cotton,Shree fabrics,202.23,266.31,65,180,Workwear
2016-11-09,Blouse piece,Polyester,Shree fabrics,947.51,1073.86,494,98,Seasonal
2016-09-08,Skirt,Linen,Vasanth textiles,522.68,630.3,30,136,Formal
2019-07-12,Saree,Cotton,Shree Ram textiles,779.23,1124.51,369,185,Workwear
2019-08-19,Saree,Wool,Sri Lakshmi silks,408.65,566.58,453,70,Casual
2022-05-20,Churidhar,Linen,Emco textiles,919.22,1094.61,239,53,Workwear
2021-01-28,Pants,Silk,Shree Ram textiles,867.11,1227.82,27,154,Seasonal
2018-03-29,Lungi,Silk,Sri Lakshmi silks,641.18,903.23,61,153,Seasonal
2016-02-25,Skirt,Polyester,Shree Ram textiles,454.74,527.58,204,20,Festive
2020-03-08,T-shirt,Silk,Shree fabrics,693.95,1030.11,319,26,Formal
2021-09-28,Blouse piece,Linen,Shree fabrics,830.35,1236.54,348,52,Festive
2019-08-26,T-shirt,Wool,Sri Lakshmi silks,38.29,49.4,281,20,Festive
2018-12-20,Shirt,Wool,Vasanth textiles,886.71,1040.82,423,14,Seasonal
2020-10-17,Blouse piece,Wool,Shree Ram textiles,194.74,256.49,352,41,Seasonal
2018-02-11,Pants,Silk,Vasanth textiles,290.03,391.36,127,2,Formal
2017-07-25,Jacket,Wool,Emco textiles,329.24,478.47,103,28,Seasonal
2018-06-16,Jacket,Wool,Vasanth textiles,845.23,1200.3,347,184,Festive
2022-02-20,Lungi,Cotton,Shree fabrics,438.35,608.23,471,109,Casual
2022-04-01,Saree,Silk,Emco textiles,984.78,1303.44,490,107,Festive
2016-07-15,Shirt,Polyester,Vasanth textiles,608.9,794.36,145,165,Seasonal
2018-07-22,Cotton saree,Cotton,Emco textiles,772.1,1131.05,85,27,Workwear
2018-02-17,Cotton saree,Silk,Vasanth textiles,568.66,723.55,403,199,Formal
2018-11-17,T-shirt,Linen,Shree fabrics,596.73,865.37,46,24,Workwear
2018-10-18,Lungi,Wool,Vasanth textiles,957.07,1427.67,479,93,Festive
2020-05-02,Skirt,Wool,Shree Ram textiles,980.56,1086.08,173,144,Workwear
2016-04-12,Jacket,Silk,Emco textiles,614.76,707.62,386,83,Festive
2018-03-31,Shirt,Linen,Vasanth textiles,965.65,1097.76,25,63,Casual
2022-09-06,Lungi,Silk,Shree fabrics,525.58,742.28,192,132,Seasonal
2018-11-02,Pants,Wool,Sri Lakshmi silks,525.8,698.44,261,29,Festive
2019-07-19,Lungi,Silk,Vasanth textiles,270.51,327.5,237,183,Festive
2016-07-07,Churidhar,Polyester,Sri Lakshmi silks,629.76,853.42,203,198,Seasonal
2021-05-17,Saree,Silk,Shree Ram textiles,226.83,314.04,231,148,Festive
2020-09-19,Cotton saree,Silk,Emco textiles,447.72,658.78,317,178,Festive
2017-10-26,Saree,Silk,Vasanth textiles,293.83,371.33,286,149,Formal
2017-10-04,Churidhar,Wool,Shree Ram textiles,321.39,387.28,397,98,Formal
2018-05-04,Saree,Cotton,Vasanth textiles,468.71,529.22,216,112,Casual
2019-03-26,Saree,Silk,Vasanth textiles,694.08,1024.45,65,97,Casual
2018-12-23,Saree,Linen,Shree Ram textiles,808.97,1085.12,55,24,Workwear
2018-03-25,Saree,Wool,Shree Ram textiles,807.34,935.63,271,124,Seasonal
2021-09-04,Jacket,Linen,Shree Ram textiles,454.97,548.21,416,76,Casual
2021-04-11,Pants,Linen,Shree Ram textiles,256.68,296.23,401,23,Workwear
2018-08-25,Cotton saree,Polyester,Shree Ram textiles,457.56,544.98,143,10,Seasonal
2016-11-29,Lungi,Wool,Vasanth textiles,982.04,1346.12,177,136,Casual
2020-08-11,Blouse piece,Silk,Shree fabrics,620.81,719.66,27,38,Formal
2017-08-10,Saree,Linen,Shree fabrics,246.28,276.24,295,62,Festive
2016-04-07,Churidhar,Silk,Emco textiles,240.51,341.55,492,51,Festive
2017-09-17,Churidhar,Linen,Emco textiles,606.01,800.35,432,121,Festive
2022-02-10,T-shirt,Linen,Emco textiles,114.45,164.47,370,4,Workwear
2017-10-15,Blouse piece,Polyester,Sri Lakshmi silks,625.55,757.65,371,1,Casual
2019-08-02,Churidhar,Silk,Shree Ram textiles,966.81,1181.39,426,22,Workwear
2018-07-21,Cotton saree,Linen,Vasanth textiles,614.08,676.98,222,68,Festive
2016-02-14,Pants,Polyester,Emco textiles,303.35,381.93,208,157,Festive
2016-07-13,Cotton saree,Linen,Vasanth textiles,377.98,513.74,301,65,Casual
2021-07-28,Churidhar,Silk,Vasanth textiles,290.04,434.28,167,21,Casual
2018-05-13,Churidhar,Wool,Shree Ram textiles,985.76,1425.23,180,65,Formal
2021-10-21,Pants,Polyester,Shree Ram textiles,205.86,277.44,490,19,Workwear
2016-04-22,Shirt,Polyester,Shree fabrics,676.36,815.79,321,61,Festive
2017-01-09,Pants,Linen,Vasanth textiles,995.4,1382.92,254,85,Workwear
2017-11-06,Churidhar,Silk,Shree fabrics,648.97,965.16,21,144,Seasonal
2022-12-12,T-shirt,Wool,Vasanth textiles,315.52,426.31,420,178,Casual
2017-10-25,Lungi,Linen,Sri Lakshmi silks,636.23,847.99,110,121,Seasonal
2019-07-04,Cotton saree,Linen,Vasanth textiles,373.42,424.62,172,135,Workwear
2020-01-22,Churidhar,Wool,Shree Ram textiles,884.65,1307.01,204,99,Festive
2018-11-21,Saree,Silk,Emco textiles,775.58,866.74,344,159,Workwear
2020-01-03,Pants,Linen,Vasanth textiles,137.66,168.08,165,178,Workwear
2020-04-11,Skirt,Polyester,Shree fabrics,847.98,1168.32,25,191,Seasonal
2020-11-25,Churidhar,Silk,Shree Ram textiles,985.76,1172.56,356,27,Formal
2019-11-08,Cotton saree,Polyester,Shree Ram textiles,875.79,1203.05,479,198,Seasonal
2020-09-24,Churidhar,Linen,Emco textiles,751.88,849.59,240,25,Workwear
2016-08-31,Skirt,Polyester,Vasanth textiles,712.43,1041.38,136,150,Workwear
2016-12-20,Lungi,Linen,Sri Lakshmi silks,530.55,663.42,421,101,Seasonal
2016-06-28,Skirt,Silk,Shree Ram textiles,325.44,431.39,332,179,Seasonal
2018-11-11,Saree,Silk,Shree Ram textiles,184.49,228.28,297,176,Workwear
2016-04-21,Skirt,Silk,Sri Lakshmi silks,387.82,526.64,21,18,Formal
2017-06-15,Saree,Silk,Vasanth textiles,877.93,1193.65,42,160,Workwear
2021-03-25,Cotton saree,Wool,Sri Lakshmi silks,323.28,440.44,346,54,Workwear
2016-08-09,Shirt,Linen,Vasanth textiles,705.6,843.86,360,100,Seasonal
2018-05-13,Pants,Polyester,Sri Lakshmi silks,927.58,1293.92,450,141,Workwear
2020-08-01,Skirt,Polyester,Sri Lakshmi silks,473.55,580.58,359,45,Formal
2022-05-16,Cotton saree,Linen,Vasanth textiles,460.03,512.13,477,13,Casual
2019-05-14,Lungi,Silk,Vasanth textiles,227.76,253.31,262,173,Formal
2017-02-09,T-shirt,Silk,Sri Lakshmi silks,786.46,972.57,326,98,Casual
2019-03-26,Shirt,Wool,Vasanth textiles,671.46,784.6,431,133,Formal
2022-10-26,Lungi,Silk,Shree fabrics,649.5,830.2,245,99,Seasonal
2021-03-21,Shirt,Cotton,Vasanth textiles,526.31,735.8,94,140,Casual
2020-02-21,Churidhar,Cotton,Shree Ram textiles,286.02,388.83,198,133,Seasonal
2019-01-04,Blouse piece,Linen,Shree fabrics,804.73,1185.82,140,84,Workwear
2019-09-18,Pants,Linen,Sri Lakshmi silks,95.92,127.59,452,127,Workwear
2022-10-12,Saree,Linen,Emco textiles,713.99,928.93,139,83,Formal
2019-08-07,Pants,Linen,Vasanth textiles,953.52,1307.52,80,146,Casual
2021-12-30,Pants,Cotton,Shree Ram textiles,607.24,720.64,479,179,Seasonal
2021-07-13,Churidhar,Cotton,Vasanth textiles,697.74,1021.33,379,61,Festive
2016-10-05,Jacket,Wool,Emco textiles,901.16,1217.25,397,146,Festive
2019-02-19,Churidhar,Polyester,Sri Lakshmi silks,233.3,317.99,238,24,Workwear
2021-12-22,Lungi,Wool,Shree Ram textiles,111.6,151.57,119,23,Casual
2019-11-25,Blouse piece,Polyester,Shree fabrics,201.06,288.61,169,83,Workwear
2017-02-27,Blouse piece,Linen,Emco textiles,571.81,690.12,145,98,Workwear
2020-11-12,Pants,Silk,Sri Lakshmi silks,380.09,448.02,225,15,Seasonal
2018-01-27,Cotton saree,Linen,Shree fabrics,640.17,717.39,367,86,Festive
2018-09-07,Shirt,Linen,Shree fabrics,425.77,608.22,45,17,Seasonal
2020-05-03,T-shirt,Silk,Sri Lakshmi silks,677.57,856.0,22,155,Workwear
2022-06-18,Skirt,Linen,Vasanth textiles,324.01,400.43,371,59,Seasonal
2018-03-02,Saree,Wool,Emco textiles,510.56,585.41,247,167,Workwear
2017-06-25,Pants,Wool,Shree fabrics,692.33,969.19,179,76,Formal
2019-09-16,Blouse piece,Linen,Emco textiles,598.06,663.32,487,177,Formal
2019-06-18,Jacket,Linen,Vasanth textiles,677.99,805.92,116,173,Casual
2020-04-11,Churidhar,Polyester,Sri Lakshmi silks,734.89,927.47,375,124,Formal
2022-03-22,Cotton saree,Linen,Emco textiles,131.46,158.8,188,82,Seasonal
2018-12-10,Skirt,Wool,Emco textiles,26.44,39.18,46,191,Formal
2017-09-12,Jacket,Cotton,Shree fabrics,468.97,674.04,58,102,Formal
2019-10-11,T-shirt,Polyester,Shree Ram textiles,533.07,636.47,159,20,Workwear
2019-08-09,Shirt,Cotton,Shree fabrics,74.31,82.27,111,121,Seasonal
2016-04-26,Blouse piece,Wool,Vasanth textiles,896.49,1270.26,229,25,Seasonal
2018-03-28,Shirt,Polyester,Emco textiles,635.13,735.03,86,189,Seasonal
2022-05-04,Skirt,Linen,Shree Ram textiles,711.72,1050.21,87,9,Workwear
2019-11-21,Skirt,Linen,Sri Lakshmi silks,746.07,971.48,50,19,Casual
2018-11-26,Cotton saree,Silk,Emco textiles,573.5,655.71,160,32,Festive
2022-11-01,Shirt,Wool,Shree fabrics,84.54,97.39,222,91,Formal
2021-06-28,T-shirt,Polyester,Sri Lakshmi silks,518.76,772.05,49,145,Workwear
2020-06-07,Cotton saree,Silk,Emco textiles,396.39,439.63,104,34,Workwear
2018-12-30,Jacket,Wool,Shree fabrics,952.44,1052.27,411,121,Festive
2020-01-12,Skirt,Linen,Sri Lakshmi silks,677.34,953.6,42,166,Workwear
2020-08-02,Saree,Cotton,Shree Ram textiles,500.62,556.13,35,10,Seasonal
2020-02-09,Jacket,Cotton,Sri Lakshmi silks,478.59,545.74,275,131,Casual
2018-04-17,Pants,Cotton,Vasanth textiles,586.7,879.66,35,86,Workwear
2019-05-06,T-shirt,Wool,Emco textiles,644.15,918.5,46,72,Casual
2022-02-04,Pants,Wool,Shree Ram textiles,82.5,97.65,141,113,Seasonal
2019-09-25,T-shirt,Linen,Emco textiles,337.65,420.39,391,175,Festive
2019-11-15,Pants,Wool,Shree fabrics,407.34,553.52,319,179,Festive
2021-04-18,Pants,Polyester,Vasanth textiles,624.7,807.17,132,179,Seasonal
2022-08-08,Pants,Silk,Sri Lakshmi silks,821.53,1182.87,243,195,Workwear
2016-10-24,Saree,Silk,Shree Ram textiles,833.14,1087.28,310,197,Workwear
2017-05-02,Saree,Silk,Vasanth textiles,860.79,1188.95,432,65,Festive
2016-05-19,Lungi,Silk,Vasanth textiles,62.49,80.44,156,51,Formal
2019-03-01,Saree,Silk,Vasanth textiles,375.79,493.57,239,122,Workwear
2022-05-17,Pants,Wool,Shree Ram textiles,680.41,1015.41,296,102,Festive
2016-11-09,Skirt,Linen,Shree fabrics,589.1,677.03,126,15,Seasonal
2018-01-26,T-shirt,Cotton,Vasanth textiles,524.53,749.65,488,84,Festive
2019-01-13,T-shirt,Silk,Shree Ram textiles,168.7,218.95,235,11,Workwear
2017-05-16,Lungi,Linen,Vasanth textiles,840.03,992.63,34,95,Casual
2017-07-01,Lungi,Silk,Vasanth textiles,320.24,430.62,231,90,Seasonal
2019-10-28,Shirt,Polyester,Emco textiles,130.91,185.5,83,122,Workwear
2019-10-31,Saree,Linen,Emco textiles,523.4,595.67,40,49,Workwear
2019-03-18,Pants,Wool,Shree Ram textiles,153.64,190.72,95,69,Festive
2022-09-18,Saree,Polyester,Shree fabrics,30.33,33.53,143,193,Festive
2016-04-02,Skirt,Linen,Vasanth textiles,146.55,201.66,164,129,Seasonal
2017-03-30,Cotton saree,Cotton,Sri Lakshmi silks,861.06,988.79,426,33,Seasonal
2020-04-23,Blouse piece,Silk,Vasanth textiles,529.7,697.79,30,164,Workwear
2017-11-13,Lungi,Silk,Shree Ram textiles,620.54,720.62,99,98,Workwear
2018-08-08,Skirt,Linen,Emco textiles,540.16,659.23,387,119,Seasonal
2021-04-02,Pants,Silk,Shree fabrics,32.81,47.36,230,108,Casual
2018-08-18,T-shirt,Wool,Shree fabrics,450.03,598.77,141,57,Formal
2017-01-12,Saree,Wool,Sri Lakshmi silks,359.22,521.04,380,120,Formal
2018-06-11,Saree,Silk,Vasanth textiles,982.86,1320.39,130,125,Formal
2022-10-07,Lungi,Wool,Vasanth textiles,166.2,242.69,273,104,Casual
2022-10-30,Cotton saree,Polyester,Shree fabrics,141.78,168.86,308,19,Formal
2021-01-09,Shirt,Linen,Emco textiles,789.0,923.89,181,92,Workwear
2019-05-03,T-shirt,Cotton,Emco textiles,854.41,941.33,467,161,Festive
2022-06-22,Saree,Linen,Vasanth textiles,483.4,637.51,81,99,Casual
2018-08-10,Skirt,Silk,Shree fabrics,551.58,752.22,361,174,Workwear
2016-10-06,Jacket,Wool,Vasanth textiles,346.52,486.04,285,120,Workwear
2022-10-22,Shirt,Silk,Shree Ram textiles,33.22,48.12,91,189,Festive
2022-10-21,Pants,Linen,Vasanth textiles,896.3,1262.44,318,46,Workwear
2022-07-26,Churidhar,Wool,Sri Lakshmi silks,85.66,104.35,477,74,Formal
2021-06-25,Saree,Polyester,Shree fabrics,996.22,1242.51,236,153,Casual
2018-06-24,Lungi,Silk,Sri Lakshmi silks,36.23,52.1,225,26,Formal
2022-03-01,Pants,Silk,Vasanth textiles,792.68,1084.27,316,98,Formal
2022-02-23,Skirt,Linen,Vasanth textiles,868.81,1257.37,386,141,Formal
2022-08-27,Lungi,Polyester,Sri Lakshmi silks,918.16,1239.75,287,176,Formal
2018-11-16,T-shirt,Linen,Shree Ram textiles,433.55,594.63,21,177,Workwear
2019-12-19,Skirt,Silk,Emco textiles,185.01,269.02,419,166,Festive
2020-02-24,Lungi,Linen,Sri Lakshmi silks,807.6,1171.76,11,130,Festive
2017-02-09,Pants,Silk,Shree fabrics,196.58,234.65,217,137,Casual
2022-06-26,Jacket,Silk,Sri Lakshmi silks,398.02,453.8,141,186,Festive
2022-04-09,Cotton saree,Cotton,Shree fabrics,392.27,579.18,309,63,Formal
2017-03-17,Saree,Polyester,Vasanth textiles,742.51,824.32,274,30,Casual
2019-03-16,Saree,Silk,Shree Ram textiles,426.11,549.84,426,41,Seasonal
2019-03-24,Saree,Silk,Shree Ram textiles,33.68,49.97,476,35,Seasonal
2019-06-20,Cotton saree,Silk,Shree Ram textiles,744.32,1059.16,461,37,Workwear
2022-02-26,Pants,Silk,Vasanth textiles,392.98,463.39,223,58,Workwear
2016-02-05,Skirt,Wool,Shree Ram textiles,329.13,420.64,497,53,Formal
2018-07-16,Lungi,Polyester,Sri Lakshmi silks,898.91,990.27,254,61,Festive
2022-02-08,Lungi,Polyester,Shree Ram textiles,860.6,1117.79,419,29,Seasonal
2020-12-28,Pants,Linen,Shree Ram textiles,468.26,654.72,439,38,Workwear
2016-04-14,Blouse piece,Cotton,Shree fabrics,664.13,818.16,470,8,Seasonal
2020-12-14,Lungi,Cotton,Vasanth textiles,101.26,132.03,452,130,Workwear
2020-08-31,Saree,Wool,Sri Lakshmi silks,411.99,586.65,25,43,Seasonal
2016-12-10,Cotton saree,Silk,Sri Lakshmi silks,526.39,663.69,440,143,Casual
2021-07-20,Churidhar,Linen,Vasanth textiles,626.38,812.67,488,85,Festive
2017-01-09,Pants,Linen,Sri Lakshmi silks,274.46,307.28,259,167,Festive
2020-12-29,Saree,Linen,Shree fabrics,233.71,282.87,399,17,Casual
2018-02-08,Skirt,Linen,Shree Ram textiles,639.42,780.86,58,106,Casual
2019-02-26,Shirt,Cotton,Vasanth textiles,960.54,1213.57,168,119,Seasonal
2021-05-10,Churidhar,Linen,Vasanth textiles,761.44,1033.16,478,94,Casual
2019-06-21,Skirt,Cotton,Emco textiles,308.59,455.04,157,65,Workwear
2020-06-26,Pants,Cotton,Shree Ram textiles,975.2,1133.36,250,127,Workwear
2021-07-13,Churidhar,Linen,Sri Lakshmi silks,151.3,205.85,178,21,Casual
2019-01-28,Shirt,Wool,Vasanth textiles,385.92,501.8,319,122,Formal
2021-02-25,Churidhar,Silk,Shree Ram textiles,926.57,1178.38,156,120,Festive
2020-01-03,Blouse piece,Polyester,Shree Ram textiles,108.44,139.45,327,33,Festive
2018-12-20,T-shirt,Linen,Emco textiles,602.59,671.67,374,44,Formal
2017-02-08,Shirt,Polyester,Sri Lakshmi silks,673.22,828.71,332,156,Workwear
2017-03-18,Shirt,Silk,Emco textiles,345.67,386.01,349,175,Formal
2018-09-26,T-shirt,Cotton,Shree Ram textiles,662.42,819.11,266,84,Formal
2021-01-20,Pants,Wool,Shree fabrics,157.67,198.19,93,61,Casual
2019-04-17,T-shirt,Silk,Shree Ram textiles,835.46,1215.58,367,89,Formal
2016-10-20,Saree,Linen,Sri Lakshmi silks,629.18,868.89,457,69,Seasonal
2021-01-20,Blouse piece,Cotton,Emco textiles,900.46,1334.27,437,16,Casual
2018-03-04,T-shirt,Polyester,Shree fabrics,608.78,730.25,107,194,Festive
2018-11-08,Cotton saree,Cotton,Emco textiles,153.54,184.95,261,2,Formal
2017-09-01,Shirt,Linen,Emco textiles,124.68,156.64,355,53,Festive
2021-12-19,Shirt,Silk,Sri Lakshmi silks,395.89,462.36,144,154,Festive
2016-03-27,Pants,Linen,Shree Ram textiles,107.73,126.13,192,25,Casual
2017-05-24,Lungi,Wool,Shree Ram textiles,605.28,850.25,460,174,Formal
2021-04-17,Lungi,Linen,Sri Lakshmi silks,92.52,124.0,28,130,Formal
2020-03-03,T-shirt,Linen,Sri Lakshmi silks,25.02,28.51,73,153,Casual
2019-05-25,Jacket,Cotton,Shree Ram textiles,839.13,941.17,106,50,Formal
2017-01-13,Cotton saree,Linen,Shree Ram textiles,42.57,57.59,80,134,Workwear
2018-01-01,Pants,Silk,Emco textiles,964.11,1314.11,371,69,Formal
2016-05-09,Jacket,Linen,Shree Ram textiles,454.32,535.43,102,144,Formal
2018-11-05,Cotton saree,Polyester,Emco textiles,561.05,638.34,20,69,Seasonal
2022-10-18,Churidhar,Linen,Shree Ram textiles,715.64,1020.1,118,19,Festive
2021-04-03,Saree,Polyester,Shree fabrics,356.13,412.8,327,175,Casual
2020-12-06,Lungi,Polyester,Sri Lakshmi silks,751.08,898.58,116,41,Seasonal
2019-02-23,Churidhar,Linen,Emco textiles,697.09,923.11,152,121,Festive
2017-03-26,Churidhar,Wool,Emco textiles,721.47,936.92,483,198,Formal
2019-01-26,Pants,Linen,Shree fabrics,146.97,199.77,352,36,Casual
2020-02-29,Saree,Polyester,Vasanth textiles,927.06,1106.87,114,169,Festive
2020-10-30,Shirt,Silk,Shree Ram textiles,78.06,116.22,255,158,Workwear
2021-09-09,Blouse piece,Polyester,Emco textiles,293.06,348.31,66,185,Workwear
2022-06-28,Saree,Silk,Shree fabrics,562.04,653.39,439,40,Workwear
2020-05-17,T-shirt,Wool,Vasanth textiles,426.05,596.92,173,25,Seasonal
2017-01-02,Cotton saree,Silk,Shree Ram textiles,270.42,359.4,484,127,Casual
2022-03-04,Lungi,Linen,Sri Lakshmi silks,481.94,560.81,194,52,Formal
2022-01-01,Blouse piece,Silk,Shree fabrics,374.5,425.46,356,28,Formal
2017-11-07,Shirt,Linen,Emco textiles,305.97,383.53,220,69,Festive
2017-06-22,Lungi,Wool,Emco textiles,603.68,690.83,345,91,Workwear
2017-05-20,Saree,Wool,Vasanth textiles,929.47,1349.61,267,76,Formal
2018-09-14,Blouse piece,Linen,Vasanth textiles,999.0,1422.66,178,131,Festive
2021-01-25,Blouse piece,Cotton,Vasanth textiles,399.9,464.94,493,74,Seasonal
2016-06-07,Shirt,Silk,Emco textiles,386.13,519.53,85,37,Seasonal
2020-01-27,T-shirt,Silk,Sri Lakshmi silks,618.85,724.53,112,196,Formal
2016-05-02,Lungi,Wool,Emco textiles,449.75,624.4,178,152,Formal
2018-12-14,Pants,Wool,Shree Ram textiles,719.09,924.7,235,67,Seasonal
2019-04-05,Skirt,Linen,Shree Ram textiles,550.6,792.55,98,191,Festive
2017-09-13,Lungi,Wool,Sri Lakshmi silks,177.44,203.07,304,195,Seasonal
2021-04-30,Pants,Polyester,Shree fabrics,306.62,392.18,472,124,Seasonal
2022-04-27,Lungi,Wool,Vasanth textiles,426.32,575.42,357,187,Festive
2016-08-19,Shirt,Linen,Sri Lakshmi silks,288.74,387.16,174,169,Casual
2018-04-09,Lungi,Polyester,Shree Ram textiles,727.02,939.12,288,29,Formal
2020-04-30,Lungi,Linen,Shree Ram textiles,492.0,719.67,444,112,Festive
2017-04-16,Jacket,Cotton,Sri Lakshmi silks,524.69,674.79,177,183,Casual
2016-07-11,Jacket,Linen,Sri Lakshmi silks,142.02,210.95,431,96,Casual
2021-06-04,Pants,Linen,Sri Lakshmi silks,944.69,1226.62,494,27,Festive
2020-05-06,Cotton saree,Silk,Shree fabrics,633.21,711.59,487,109,Festive
2016-03-06,Pants,Polyester,Shree fabrics,197.31,278.35,354,69,Casual
2021-03-26,Skirt,Linen,Emco textiles,244.04,290.31,462,174,Casual
2020-06-20,Cotton saree,Linen,Shree fabrics,855.95,1215.57,97,178,Seasonal
2022-02-18,Saree,Polyester,Emco textiles,54.68,62.99,137,143,Seasonal
2021-04-25,Pants,Linen,Shree fabrics,155.84,171.99,410,24,Workwear
2020-01-18,Churidhar,Cotton,Shree fabrics,370.8,504.35,370,69,Seasonal
2022-04-13,Pants,Linen,Sri Lakshmi silks,42.92,51.25,214,19,Casual
2020-02-22,Churidhar,Cotton,Shree fabrics,466.09,542.86,428,104,Formal
2021-11-10,Pants,Linen,Emco textiles,764.73,984.42,111,145,Workwear
2019-06-20,Churidhar,Silk,Sri Lakshmi silks,780.81,1128.86,377,157,Casual
2017-12-07,Saree,Linen,Sri Lakshmi silks,529.17,768.82,429,182,Formal
2021-02-09,Cotton saree,Linen,Emco textiles,594.71,836.87,100,151,Seasonal
2022-04-30,Shirt,Linen,Emco textiles,730.67,1070.09,222,104,Workwear
2021-06-01,Blouse piece,Cotton,Sri Lakshmi silks,593.45,842.73,461,81,Workwear
2021-05-24,Pants,Linen,Shree fabrics,679.28,852.38,289,66,Festive
2017-09-20,Jacket,Wool,Emco textiles,413.83,582.29,170,147,Festive
2020-03-12,Pants,Silk,Sri Lakshmi silks,300.92,448.94,388,60,Workwear
2017-03-01,T-shirt,Wool,Shree Ram textiles,461.77,690.79,96,152,Seasonal
2022-04-10,Cotton saree,Wool,Emco textiles,701.99,964.19,206,144,Workwear
2021-11-13,Lungi,Wool,Vasanth textiles,301.44,349.39,92,84,Casual
2021-07-10,Lungi,Cotton,Vasanth textiles,492.63,628.69,113,11,Casual
2017-10-31,Lungi,Silk,Shree fabrics,955.79,1419.66,490,97,Casual
2019-11-11,Skirt,Linen,Shree fabrics,894.84,1268.74,126,64,Festive
2017-09-09,Jacket,Polyester,Shree fabrics,129.88,188.98,124,179,Formal
2022-01-17,Cotton saree,Linen,Vasanth textiles,48.23,64.25,177,14,Seasonal
2022-04-20,Skirt,Wool,Emco textiles,98.04,131.06,155,14,Festive
2016-06-27,Saree,Linen,Emco textiles,922.0,1105.33,380,63,Formal
2022-09-17,Saree,Linen,Shree Ram textiles,598.39,726.05,259,198,Seasonal
2019-11-05,Pants,Linen,Shree Ram textiles,750.73,967.24,252,117,Formal
2020-10-03,T-shirt,Wool,Vasanth textiles,870.24,1303.99,292,199,Seasonal
2018-08-16,Pants,Polyester,Shree Ram textiles,890.94,1076.31,375,176,Formal
2020-09-03,Churidhar,Polyester,Sri Lakshmi silks,192.57,268.2,255,180,Workwear
2020-11-06,Shirt,Wool,Sri Lakshmi silks,816.91,995.8,364,188,Festive
2018-04-06,Lungi,Silk,Vasanth textiles,168.1,194.81,101,73,Festive
2016-04-10,Shirt,Linen,Emco textiles,712.85,1059.51,27,34,Casual
2018-02-11,Blouse piece,Cotton,Emco textiles,79.39,106.44,79,86,Festive
2021-09-19,Lungi,Polyester,Sri Lakshmi silks,636.64,842.09,488,190,Seasonal
2019-11-30,Skirt,Wool,Vasanth textiles,597.13,857.58,119,140,Festive
2016-11-27,Lungi,Cotton,Emco textiles,996.0,1120.48,99,141,Festive
2017-08-05,T-shirt,Linen,Emco textiles,850.24,1229.45,209,3,Formal
2017-09-04,Blouse piece,Silk,Shree fabrics,564.4,798.34,17,106,Workwear
2021-08-09,Pants,Cotton,Sri Lakshmi silks,194.57,250.69,170,143,Seasonal
2020-06-05,Cotton saree,Linen,Emco textiles,729.44,817.0,191,64,Festive
2019-09-11,Churidhar,Polyester,Shree fabrics,720.14,883.39,344,132,Casual
2021-10-03,Saree,Silk,Vasanth textiles,612.88,808.47,208,74,Workwear
2018-12-04,Cotton saree,Linen,Emco textiles,531.7,626.22,71,156,Seasonal
2018-03-30,Jacket,Polyester,Shree fabrics,341.69,432.08,354,135,Seasonal
2018-08-22,Pants,Linen,Shree Ram textiles,620.33,875.24,181,71,Workwear
2020-09-10,Jacket,Silk,Emco textiles,464.11,672.35,427,5,Seasonal
2017-03-11,Churidhar,Wool,Vasanth textiles,126.27,163.37,484,131,Seasonal
2022-03-24,Blouse piece,Wool,Emco textiles,75.41,89.86,290,119,Workwear
2022-10-21,Saree,Silk,Shree fabrics,321.82,473.11,449,30,Casual
2019-03-16,T-shirt,Silk,Shree Ram textiles,807.62,1056.32,472,134,Workwear
2019-05-28,Blouse piece,Silk,Shree Ram textiles,180.27,261.06,221,170,Casual
2018-04-20,T-shirt,Wool,Vasanth textiles,203.97,274.43,460,3,Casual
2017-08-22,T-shirt,Wool,Shree Ram textiles,445.89,501.6,143,54,Casual
2016-08-27,T-shirt,Silk,Emco textiles,36.03,53.6,130,11,Seasonal
2021-09-28,Blouse piece,Linen,Sri Lakshmi silks,656.04,796.64,269,137,Formal
2018-03-09,Skirt,Silk,Sri Lakshmi silks,734.31,850.95,90,185,Formal
2020-05-09,Saree,Wool,Shree Ram textiles,585.26,758.16,112,113,Casual
2020-02-20,Churidhar,Polyester,Sri Lakshmi silks,965.12,1186.34,422,45,Workwear
2018-05-07,Lungi,Silk,Sri Lakshmi silks,166.01,223.8,454,142,Casual
2018-09-14,Cotton saree,Silk,Vasanth textiles,651.94,837.11,37,81,Formal
2018-07-23,Pants,Linen,Emco textiles,64.04,88.51,124,55,Workwear
2019-11-25,Lungi,Silk,Sri Lakshmi silks,418.62,469.2,139,3,Festive
2019-02-05,Pants,Silk,Vasanth textiles,452.11,604.19,269,179,Casual
2016-05-09,Cotton saree,Linen,Shree Ram textiles,432.57,518.26,160,67,Workwear
2021-01-07,Lungi,Wool,Emco textiles,663.57,732.08,326,5,Casual
2019-03-24,Lungi,Polyester,Emco textiles,554.93,652.1,234,142,Casual
2022-07-26,Blouse piece,Silk,Shree Ram textiles,419.53,583.43,423,193,Festive
2019-08-21,T-shirt,Cotton,Vasanth textiles,479.27,659.45,327,8,Formal
2016-11-29,Pants,Silk,Vasanth textiles,339.52,476.79,330,99,Seasonal
2018-06-02,Pants,Silk,Sri Lakshmi silks,569.33,789.7,106,198,Festive
2021-10-15,Shirt,Linen,Shree fabrics,448.44,607.99,275,68,Casual
2017-06-22,Saree,Cotton,Emco textiles,346.58,421.01,286,117,Festive
2019-11-06,Churidhar,Silk,Sri Lakshmi silks,745.39,1061.83,294,127,Festive
2022-08-28,T-shirt,Linen,Shree fabrics,467.13,609.01,317,106,Festive
2021-06-07,Cotton saree,Cotton,Shree Ram textiles,765.01,1000.71,82,134,Workwear
2022-04-14,Lungi,Wool,Emco textiles,88.46,116.98,210,183,Workwear
2016-06-05,Cotton saree,Polyester,Emco textiles,566.64,785.64,266,135,Formal
2019-09-22,Cotton saree,Silk,Shree fabrics,900.19,1130.79,487,32,Workwear
2017-08-15,Pants,Cotton,Vasanth textiles,269.67,348.21,87,43,Casual
2016-11-12,Lungi,Wool,Vasanth textiles,126.93,179.45,420,31,Formal
2018-09-28,Cotton saree,Polyester,Shree Ram textiles,103.47,141.9,399,17,Casual
2017-10-31,T-shirt,Wool,Vasanth textiles,345.76,500.54,181,28,Workwear
2017-06-05,Pants,Wool,Sri Lakshmi silks,582.21,865.23,274,170,Workwear
2017-08-12,Blouse piece,Linen,Sri Lakshmi silks,35.55,39.88,60,200,Workwear
2020-12-27,Lungi,Cotton,Shree fabrics,474.3,594.61,18,137,Seasonal
2022-12-02,Saree,Linen,Shree fabrics,937.65,1121.42,318,57,Seasonal
2020-08-31,Skirt,Silk,Emco textiles,757.84,1024.13,254,13,Workwear
2018-04-06,Skirt,Cotton,Sri Lakshmi silks,104.84,116.31,288,41,Seasonal
2021-08-05,Blouse piece,Linen,Sri Lakshmi silks,465.6,566.6,477,92,Formal
2017-02-18,Lungi,Linen,Emco textiles,994.05,1153.96,164,147,Workwear
2018-07-25,Blouse piece,Polyester,Vasanth textiles,268.89,374.51,297,32,Festive
2020-05-29,Churidhar,Wool,Emco textiles,573.44,766.94,280,96,Casual
2022-10-15,Lungi,Linen,Emco textiles,399.83,585.62,206,154,Formal
2021-01-06,Saree,Wool,Vasanth textiles,324.89,368.3,139,167,Casual
2020-11-18,Churidhar,Silk,Shree Ram textiles,730.17,934.45,63,76,Formal
2016-10-20,Saree,Wool,Emco textiles,614.07,829.23,359,103,Seasonal
2016-09-24,Jacket,Polyester,Vasanth textiles,619.06,746.25,475,159,Casual
2019-08-08,Shirt,Linen,Emco textiles,504.38,647.03,44,34,Seasonal
2022-05-20,Skirt,Linen,Vasanth textiles,160.34,234.71,444,3,Festive
2021-01-11,Saree,Cotton,Shree Ram textiles,829.18,1142.23,248,102,Workwear
2016-11-20,Churidhar,Polyester,Shree Ram textiles,937.91,1204.99,48,164,Casual
2018-06-11,Jacket,Polyester,Emco textiles,749.17,996.83,111,184,Festive
2017-10-03,Pants,Silk,Sri Lakshmi silks,599.48,730.46,489,150,Festive
2019-09-14,Pants,Polyester,Shree fabrics,611.62,865.96,250,61,Workwear
2022-01-11,Shirt,Polyester,Shree Ram textiles,850.71,1025.44,295,58,Workwear
2021-10-07,T-shirt,Cotton,Shree fabrics,415.5,616.53,71,112,Workwear
2021-06-22,Cotton saree,Wool,Shree Ram textiles,96.42,121.94,443,73,Seasonal
2016-06-11,Saree,Polyester,Shree Ram textiles,940.01,1270.22,54,139,Casual
2020-05-02,Churidhar,Linen,Emco textiles,91.33,123.34,99,129,Festive
2019-02-12,Churidhar,Linen,Emco textiles,671.61,860.86,122,182,Casual
2018-02-06,Blouse piece,Cotton,Shree Ram textiles,585.18,861.61,420,96,Workwear
2022-03-15,Skirt,Wool,Emco textiles,584.86,695.56,347,1,Festive
2020-05-30,Lungi,Silk,Shree fabrics,170.64,252.6,303,47,Casual
2022-09-18,Churidhar,Polyester,Emco textiles,358.61,413.1,435,52,Formal
2017-05-21,Lungi,Wool,Shree fabrics,452.13,548.4,424,104,Formal
2021-12-26,Shirt,Silk,Vasanth textiles,587.27,666.37,445,19,Formal
2022-07-03,Jacket,Polyester,Sri Lakshmi silks,778.13,1008.47,198,64,Festive
2017-05-17,T-shirt,Silk,Shree fabrics,309.69,357.35,338,179,Formal
2020-04-03,T-shirt,Linen,Shree fabrics,694.15,911.39,44,49,Festive
2021-06-25,Blouse piece,Cotton,Sri Lakshmi silks,264.43,353.25,32,93,Formal
2022-01-01,Pants,Polyester,Emco textiles,209.4,253.95,68,2,Workwear
2016-06-07,Blouse piece,Cotton,Emco textiles,836.04,1188.53,59,181,Festive
2021-08-29,Saree,Cotton,Sri Lakshmi silks,395.38,468.94,208,108,Festive
2017-02-07,Pants,Linen,Vasanth textiles,162.98,244.06,209,176,Workwear
2022-03-29,Shirt,Cotton,Shree fabrics,491.05,554.02,123,184,Formal
2018-01-05,Cotton saree,Silk,Vasanth textiles,876.78,975.41,159,10,Workwear
2016-12-23,Skirt,Linen,Shree fabrics,847.57,1129.92,254,44,Workwear
2021-11-08,Pants,Wool,Sri Lakshmi silks,956.41,1105.94,256,119,Casual
2017-02-02,Pants,Wool,Shree Ram textiles,61.27,76.76,313,17,Workwear
2017-10-26,Churidhar,Cotton,Shree fabrics,185.27,269.2,247,30,Seasonal
2017-12-27,Blouse piece,Polyester,Vasanth textiles,495.99,677.47,24,21,Seasonal
2017-05-15,Lungi,Wool,Emco textiles,686.33,823.02,157,103,Formal
2020-03-31,Blouse piece,Polyester,Shree Ram textiles,814.94,1069.02,346,137,Seasonal
2020-07-07,Jacket,Wool,Emco textiles,98.91,143.77,480,144,Casual
2021-02-25,Skirt,Silk,Vasanth textiles,499.0,656.49,286,56,Festive
2018-10-01,Pants,Silk,Vasanth textiles,853.88,1046.46,32,104,Festive
2021-09-07,Cotton saree,Polyester,Shree fabrics,482.06,554.87,370,169,Casual
2016-04-29,Jacket,Silk,Emco textiles,56.32,66.49,213,40,Workwear
2019-07-04,T-shirt,Wool,Sri Lakshmi silks,372.02,439.86,89,31,Workwear
2019-06-11,Lungi,Polyester,Emco textiles,144.91,192.32,317,73,Formal
2020-07-06,Churidhar,Polyester,Sri Lakshmi silks,965.14,1076.77,85,87,Casual
2017-10-08,Pants,Polyester,Emco textiles,748.16,929.83,379,3,Seasonal
2016-05-25,Shirt,Polyester,Emco textiles,881.1,995.84,454,15,Seasonal
2019-06-23,Blouse piece,Linen,Sri Lakshmi silks,180.09,245.42,470,184,Formal
2018-05-23,Churidhar,Cotton,Sri Lakshmi silks,149.63,193.4,382,37,Workwear
2018-11-19,Churidhar,Wool,Emco textiles,669.28,946.64,342,58,Workwear
2016-04-27,Shirt,Silk,Shree Ram textiles,309.61,354.17,144,16,Formal
2019-06-26,Skirt,Polyester,Sri Lakshmi silks,553.61,784.47,249,140,Seasonal
2022-08-02,Lungi,Cotton,Emco textiles,736.93,961.34,482,147,Workwear
2018-09-10,Jacket,Linen,Shree fabrics,414.94,577.16,306,88,Festive
2016-03-29,Churidhar,Silk,Emco textiles,32.43,37.47,148,184,Workwear
2019-05-29,Shirt,Silk,Vasanth textiles,76.4,97.39,11,69,Formal
2020-01-19,Pants,Linen,Sri Lakshmi silks,871.92,1213.78,375,122,Formal
2018-02-03,Blouse piece,Wool,Emco textiles,877.86,1015.69,346,81,Casual
2017-11-01,Churidhar,Polyester,Shree fabrics,650.57,915.83,218,75,Casual
2018-02-10,Pants,Silk,Sri Lakshmi silks,33.91,39.19,220,176,Formal
2018-08-08,Jacket,Polyester,Vasanth textiles,43.91,54.28,70,127,Seasonal
2021-08-06,Shirt,Polyester,Vasanth textiles,581.06,697.92,59,91,Festive
2022-10-08,Jacket,Cotton,Emco textiles,808.39,955.21,316,68,Workwear
2021-01-27,T-shirt,Linen,Emco textiles,817.58,999.72,150,78,Workwear
2021-11-23,Blouse piece,Wool,Shree fabrics,792.43,911.79,423,111,Festive
2016-10-30,Churidhar,Cotton,Shree fabrics,223.18,332.27,368,33,Casual
2018-08-12,T-shirt,Linen,Shree Ram textiles,723.81,987.38,210,102,Formal
2017-12-22,Blouse piece,Linen,Vasanth textiles,634.0,931.4,424,133,Workwear
2021-02-09,Churidhar,Polyester,Shree Ram textiles,649.31,827.95,133,149,Festive
2017-07-26,Skirt,Linen,Vasanth textiles,831.51,1196.97,194,123,Casual
2020-07-27,Churidhar,Linen,Emco textiles,322.63,404.48,151,139,Seasonal
2022-10-28,Saree,Cotton,Sri Lakshmi silks,798.38,955.02,111,195,Festive
2016-09-06,T-shirt,Silk,Emco textiles,709.98,893.52,296,43,Formal
2016-04-30,Lungi,Silk,Sri Lakshmi silks,247.86,310.78,339,50,Casual
2021-01-17,Jacket,Polyester,Shree fabrics,129.52,161.98,279,140,Casual
2021-03-11,Jacket,Polyester,Vasanth textiles,179.17,242.17,83,114,Seasonal
2022-12-12,Lungi,Silk,Sri Lakshmi silks,773.44,1106.27,217,166,Formal
2019-03-04,Shirt,Silk,Vasanth textiles,136.91,152.14,25,150,Seasonal
2018-09-13,T-shirt,Polyester,Shree fabrics,862.33,1166.77,475,58,Casual
2022-11-09,Churidhar,Linen,Shree fabrics,301.59,376.62,219,87,Workwear
2019-11-18,Skirt,Silk,Emco textiles,584.19,779.1,176,86,Festive
2019-12-01,Churidhar,Wool,Sri Lakshmi silks,623.4,801.87,179,146,Formal
2019-10-03,Skirt,Wool,Sri Lakshmi silks,177.11,208.41,486,112,Formal
2022-05-24,Lungi,Silk,Shree fabrics,419.38,600.57,479,25,Casual
2019-01-29,Churidhar,Cotton,Shree fabrics,372.84,536.36,471,109,Workwear
2021-01-25,Jacket,Polyester,Emco textiles,981.72,1133.19,108,78,Formal
2019-10-28,Churidhar,Wool,Shree Ram textiles,639.97,859.71,377,133,Seasonal
2020-10-05,Pants,Polyester,Shree fabrics,113.58,149.04,253,155,Casual
2017-11-29,Shirt,Wool,Vasanth textiles,249.48,282.35,228,83,Workwear
2022-09-21,Cotton saree,Polyester,Shree fabrics,982.64,1138.86,339,55,Casual
2022-07-28,Blouse piece,Linen,Emco textiles,450.63,521.08,77,120,Seasonal
2021-12-20,Shirt,Polyester,Vasanth textiles,214.75,294.94,132,32,Casual
2021-08-24,Blouse piece,Polyester,Shree Ram textiles,264.55,392.53,138,152,Formal
2017-03-23,Jacket,Polyester,Shree fabrics,807.58,963.91,301,59,Casual
2020-11-29,Lungi,Polyester,Vasanth textiles,348.91,482.14,212,172,Formal
2018-03-06,Jacket,Cotton,Sri Lakshmi silks,609.33,834.25,79,108,Seasonal
2018-02-07,Blouse piece,Wool,Shree Ram textiles,909.16,1091.22,488,88,Seasonal
2017-07-29,Pants,Polyester,Emco textiles,384.95,564.09,404,31,Festive
2020-01-11,Jacket,Linen,Sri Lakshmi silks,488.91,564.13,365,162,Seasonal
2018-06-09,Jacket,Cotton,Sri Lakshmi silks,748.68,1119.25,247,191,Seasonal
2018-08-04,Shirt,Polyester,Sri Lakshmi silks,550.54,723.42,307,97,Casual
2018-08-15,Lungi,Cotton,Vasanth textiles,923.68,1182.3,319,176,Seasonal
2018-01-25,Blouse piece,Linen,Shree Ram textiles,417.48,524.75,115,152,Festive
2021-10-13,Saree,Silk,Shree fabrics,211.6,315.22,209,12,Formal
2017-01-08,Pants,Wool,Shree Ram textiles,862.71,1224.42,472,199,Festive
2017-04-02,Churidhar,Silk,Shree Ram textiles,640.08,845.29,111,27,Seasonal
2017-09-17,Skirt,Polyester,Sri Lakshmi silks,902.62,1300.3,164,121,Festive
2019-07-04,Saree,Linen,Shree fabrics,801.87,894.37,369,9,Workwear
2017-05-28,Jacket,Linen,Shree Ram textiles,331.98,482.64,375,175,Casual
2020-01-28,Saree,Linen,Shree fabrics,575.83,753.79,19,99,Seasonal
2019-06-25,T-shirt,Wool,Shree fabrics,192.2,237.84,406,64,Formal
2021-12-10,Pants,Polyester,Sri Lakshmi silks,317.97,420.61,421,183,Festive
2016-03-29,T-shirt,Cotton,Shree fabrics,718.75,929.43,436,178,Seasonal
2017-05-23,T-shirt,Linen,Vasanth textiles,437.56,581.27,499,4,Casual
2018-10-04,Churidhar,Polyester,Vasanth textiles,534.49,644.52,96,47,Festive
2019-05-31,Jacket,Polyester,Vasanth textiles,616.7,774.31,300,25,Festive
2016-02-15,Shirt,Polyester,Emco textiles,649.87,891.35,326,116,Casual
2016-03-31,T-shirt,Wool,Shree fabrics,596.06,767.02,372,47,Casual
2021-01-09,Lungi,Wool,Vasanth textiles,168.84,219.81,368,153,Formal
2020-02-22,Blouse piece,Linen,Shree fabrics,165.25,220.69,215,125,Festive
2021-07-05,Churidhar,Linen,Shree Ram textiles,671.82,741.93,255,30,Workwear
2016-06-05,Shirt,Cotton,Shree Ram textiles,790.87,1181.68,181,9,Seasonal
2022-02-16,Skirt,Wool,Sri Lakshmi silks,99.48,116.65,75,75,Workwear
2018-03-27,Blouse piece,Linen,Shree Ram textiles,132.21,170.34,20,47,Formal
2019-04-18,Lungi,Polyester,Shree Ram textiles,691.31,986.66,38,141,Festive
2022-04-08,Pants,Cotton,Shree fabrics,329.56,400.06,498,167,Casual
2020-07-29,T-shirt,Cotton,Vasanth textiles,412.08,550.24,145,74,Formal
2021-09-14,Skirt,Linen,Emco textiles,137.8,172.79,436,80,Formal
2020-03-08,Pants,Wool,Sri Lakshmi silks,60.75,75.7,281,9,Festive
2017-01-22,Churidhar,Polyester,Shree fabrics,512.6,680.83,350,74,Workwear
2016-02-23,Blouse piece,Silk,Emco textiles,50.84,72.76,357,150,Casual
2017-03-07,Lungi,Linen,Shree fabrics,765.93,1007.92,412,85,Workwear
2017-04-09,Cotton saree,Wool,Emco textiles,218.03,306.73,18,75,Workwear
2021-04-10,Pants,Polyester,Vasanth textiles,195.33,239.34,329,106,Workwear
2020-06-20,Saree,Polyester,Shree fabrics,930.08,1027.62,484,183,Casual
2022-05-23,Jacket,Silk,Shree Ram textiles,404.65,481.87,176,60,Festive
2020-11-28,Blouse piece,Cotton,Sri Lakshmi silks,992.57,1360.38,459,61,Casual
2019-08-15,Skirt,Linen,Shree fabrics,704.28,861.64,249,25,Workwear
2016-04-25,Pants,Cotton,Sri Lakshmi silks,805.83,1090.37,37,62,Seasonal
2018-07-01,Shirt,Polyester,Shree fabrics,518.26,721.12,207,187,Casual
2018-03-25,Blouse piece,Linen,Emco textiles,375.93,445.38,264,112,Workwear
2020-01-02,Jacket,Linen,Vasanth textiles,759.1,936.67,351,141,Workwear
2017-07-12,Churidhar,Cotton,Sri Lakshmi silks,262.42,374.38,28,155,Casual
2019-08-13,Skirt,Cotton,Sri Lakshmi silks,555.7,815.07,273,190,Casual
2017-03-08,Pants,Linen,Sri Lakshmi silks,728.5,970.65,66,163,Formal
2017-07-05,Blouse piece,Silk,Emco textiles,934.72,1223.91,419,111,Seasonal
2022-05-21,Jacket,Cotton,Emco textiles,634.71,849.49,128,65,Festive
2016-03-17,Cotton saree,Wool,Sri Lakshmi silks,839.62,1179.31,249,172,Seasonal
2022-10-29,Skirt,Silk,Shree fabrics,153.14,181.61,427,18,Casual
2022-02-08,T-shirt,Linen,Sri Lakshmi silks,783.2,881.02,71,27,Casual
2019-12-22,Cotton saree,Linen,Emco textiles,128.06,189.29,176,182,Festive
2018-01-13,Lungi,Polyester,Sri Lakshmi silks,959.29,1117.66,20,127,Formal
2022-03-19,Skirt,Linen,Shree fabrics,749.8,1100.09,335,8,Casual
2021-06-29,Blouse piece,Wool,Shree fabrics,629.7,727.16,125,164,Seasonal
2018-01-05,Cotton saree,Wool,Sri Lakshmi silks,504.47,655.12,211,30,Seasonal
2021-12-10,Cotton saree,Linen,Emco textiles,301.86,436.24,487,180,Workwear
2017-08-02,T-shirt,Linen,Sri Lakshmi silks,843.29,1136.81,124,14,Seasonal
2017-06-08,Churidhar,Silk,Shree Ram textiles,210.32,260.93,290,180,Seasonal
2018-04-16,Saree,Silk,Shree fabrics,136.44,188.06,317,49,Formal
2017-03-02,T-shirt,Cotton,Sri Lakshmi silks,442.77,575.92,188,81,Workwear
2020-09-01,Shirt,Silk,Shree fabrics,977.44,1150.51,372,88,Workwear
2016-08-06,Cotton saree,Polyester,Sri Lakshmi silks,674.26,979.87,304,36,Festive
2018-08-12,Pants,Silk,Shree Ram textiles,943.38,1390.64,249,73,Casual
2020-05-31,Jacket,Cotton,Emco textiles,583.41,805.18,53,25,Formal
2016-06-27,T-shirt,Wool,Sri Lakshmi silks,926.19,1174.66,351,116,Seasonal
2019-07-27,Churidhar,Linen,Shree fabrics,883.9,1084.81,445,6,Festive
2016-08-31,Pants,Silk,Vasanth textiles,40.87,58.98,347,23,Festive
2018-05-22,Shirt,Wool,Shree Ram textiles,517.87,738.02,213,48,Workwear
2020-11-16,Cotton saree,Wool,Shree Ram textiles,315.21,404.22,314,137,Seasonal
2019-07-28,Saree,Linen,Shree Ram textiles,398.64,520.48,370,60,Festive
2020-12-31,Cotton saree,Wool,Vasanth textiles,389.97,570.95,273,134,Festive
2018-02-17,Saree,Cotton,Vasanth textiles,551.79,714.58,59,88,Casual
2020-12-30,Lungi,Wool,Vasanth textiles,383.26,541.53,28,33,Casual
2017-11-19,Cotton saree,Silk,Shree Ram textiles,396.27,571.55,144,98,Seasonal
2020-10-09,Cotton saree,Wool,Sri Lakshmi silks,800.86,1007.14,278,103,Formal
2020-03-10,T-shirt,Wool,Shree fabrics,149.37,198.24,174,48,Festive
2017-09-29,Churidhar,Cotton,Vasanth textiles,57.09,75.47,280,143,Seasonal
2018-08-29,Shirt,Linen,Emco textiles,630.11,734.52,196,19,Workwear
2018-09-12,Shirt,Silk,Emco textiles,844.58,1063.76,286,133,Casual
2017-10-22,Cotton saree,Polyester,Shree fabrics,633.08,809.09,159,71,Festive
2019-10-02,Jacket,Linen,Shree Ram textiles,946.17,1044.9,448,156,Casual
2020-07-16,Saree,Polyester,Vasanth textiles,82.92,118.18,29,49,Formal
2021-11-21,Blouse piece,Polyester,Sri Lakshmi silks,911.61,1208.63,84,197,Workwear
2016-07-13,Cotton saree,Linen,Shree Ram textiles,185.12,257.0,60,163,Formal
2016-08-04,T-shirt,Cotton,Sri Lakshmi silks,706.05,875.92,431,12,Workwear
2020-04-25,Saree,Polyester,Shree fabrics,932.34,1394.73,75,149,Formal
2018-07-19,Churidhar,Silk,Shree Ram textiles,265.6,311.62,247,146,Casual
2017-12-30,Skirt,Wool,Sri Lakshmi silks,273.04,398.46,392,28,Festive
2016-08-10,Blouse piece,Linen,Vasanth textiles,887.55,1148.18,367,6,Casual
2019-10-21,Skirt,Wool,Shree Ram textiles,490.3,672.47,226,168,Casual
2020-10-01,Cotton saree,Cotton,Shree fabrics,711.97,951.5,58,31,Festive
2016-11-14,Shirt,Silk,Emco textiles,588.77,766.47,71,56,Formal
2016-09-14,Pants,Polyester,Shree fabrics,793.5,889.52,365,155,Seasonal
2022-08-09,Pants,Cotton,Emco textiles,464.29,577.77,122,91,Festive
2018-08-06,T-shirt,Polyester,Shree Ram textiles,791.18,1049.7,146,136,Formal
2016-03-11,Saree,Silk,Shree Ram textiles,61.8,82.39,41,11,Seasonal
2018-02-14,Skirt,Polyester,Emco textiles,378.54,492.78,249,181,Seasonal
2021-07-17,Saree,Wool,Shree fabrics,552.22,663.75,25,67,Casual
2022-10-19,Shirt,Cotton,Vasanth textiles,956.0,1351.35,144,16,Seasonal
2018-04-25,T-shirt,Wool,Emco textiles,92.24,130.37,367,130,Formal
2021-05-19,Blouse piece,Wool,Shree Ram textiles,875.76,1152.05,236,55,Festive
2016-09-27,Skirt,Polyester,Emco textiles,488.75,686.77,295,195,Seasonal
2020-06-15,Pants,Linen,Emco textiles,938.47,1365.21,107,58,Festive
2021-09-14,Shirt,Linen,Sri Lakshmi silks,288.35,404.76,22,33,Festive
2017-07-25,Blouse piece,Linen,Vasanth textiles,59.92,69.96,347,92,Formal
2017-11-06,Jacket,Wool,Emco textiles,902.86,1002.24,29,107,Festive
2018-12-06,Saree,Polyester,Shree Ram textiles,606.3,853.7,202,42,Seasonal
2020-02-14,Shirt,Linen,Emco textiles,433.83,612.16,166,26,Formal
2016-10-23,Cotton saree,Wool,Shree Ram textiles,879.26,1027.59,91,35,Workwear
2022-05-31,Jacket,Linen,Shree Ram textiles,257.51,298.27,417,41,Formal
2016-04-28,Saree,Cotton,Shree fabrics,586.28,805.62,365,137,Formal
2018-09-03,Skirt,Wool,Emco textiles,400.22,567.23,363,25,Formal
2022-07-19,Skirt,Wool,Vasanth textiles,543.4,757.6,227,111,Seasonal
2021-08-28,Churidhar,Linen,Sri Lakshmi silks,402.45,451.81,297,119,Formal
2019-01-02,Pants,Cotton,Sri Lakshmi silks,938.54,1269.99,243,191,Festive
2017-06-20,Shirt,Cotton,Sri Lakshmi silks,84.45,102.07,126,105,Workwear
2022-04-28,Churidhar,Linen,Sri Lakshmi silks,861.55,1055.28,463,105,Workwear
2016-08-26,Shirt,Polyester,Shree Ram textiles,503.45,587.55,234,104,Festive
2020-12-16,Cotton saree,Silk,Emco textiles,117.73,157.22,59,81,Workwear
2016-11-28,Blouse piece,Wool,Sri Lakshmi silks,481.5,587.64,98,158,Formal
2022-01-09,Churidhar,Silk,Sri Lakshmi silks,851.53,1013.97,33,151,Workwear
2018-08-24,Lungi,Polyester,Sri Lakshmi silks,956.77,1280.59,147,173,Formal
2017-11-13,Blouse piece,Silk,Sri Lakshmi silks,605.93,822.85,477,57,Seasonal
2017-01-21,Blouse piece,Polyester,Vasanth textiles,506.55,558.99,124,110,Festive
2021-02-27,Blouse piece,Polyester,Emco textiles,605.62,668.32,369,59,Seasonal
2022-11-12,Skirt,Polyester,Emco textiles,661.3,812.3,80,31,Formal
2020-03-03,Shirt,Wool,Shree fabrics,696.69,976.03,34,192,Festive
2022-11-04,Churidhar,Cotton,Vasanth textiles,531.49,705.5,360,141,Casual
2017-03-25,Pants,Linen,Sri Lakshmi silks,122.02,158.31,241,174,Casual
2021-07-04,Lungi,Silk,Emco textiles,102.24,149.02,455,185,Seasonal
2017-06-26,Blouse piece,Cotton,Vasanth textiles,850.24,957.34,432,119,Casual
2020-11-25,Cotton saree,Wool,Shree fabrics,652.93,943.86,132,45,Workwear
2019-02-25,Shirt,Polyester,Emco textiles,643.46,916.03,125,4,Seasonal
2021-05-12,Cotton saree,Cotton,Shree Ram textiles,915.68,1148.51,211,128,Seasonal
2022-09-07,Shirt,Cotton,Shree Ram textiles,329.37,413.6,451,4,Formal
2020-05-03,Pants,Cotton,Shree Ram textiles,429.0,556.04,307,100,Seasonal
2019-12-25,Jacket,Wool,Sri Lakshmi silks,352.99,511.31,325,145,Casual
2020-09-29,Churidhar,Silk,Sri Lakshmi silks,945.34,1342.78,28,191,Casual
2022-07-02,Saree,Cotton,Shree fabrics,472.97,597.76,381,119,Workwear
2017-05-31,Shirt,Polyester,Shree Ram textiles,237.44,311.49,271,78,Workwear
2021-11-11,Skirt,Cotton,Emco textiles,666.53,831.19,178,152,Formal
2016-12-22,Shirt,Wool,Shree fabrics,484.17,617.98,21,98,Festive
2021-04-13,Lungi,Silk,Shree Ram textiles,189.33,276.08,15,113,Seasonal
2022-09-07,Shirt,Wool,Vasanth textiles,144.14,193.14,235,131,Formal
2022-11-09,Jacket,Cotton,Shree fabrics,806.17,1000.06,269,159,Workwear
2019-07-19,Blouse piece,Wool,Shree fabrics,351.85,421.56,309,124,Workwear
2022-05-23,Jacket,Silk,Sri Lakshmi silks,586.72,700.43,55,115,Casual
2018-06-09,Pants,Linen,Vasanth textiles,942.51,1055.78,114,151,Workwear
2019-01-02,Pants,Linen,Vasanth textiles,214.4,282.31,80,169,Formal
2020-12-13,Lungi,Wool,Shree fabrics,731.07,934.71,284,161,Workwear
2021-02-23,Blouse piece,Wool,Emco textiles,293.74,424.18,36,66,Seasonal
2017-05-08,T-shirt,Wool,Vasanth textiles,953.73,1390.81,337,187,Seasonal
2021-06-02,Skirt,Cotton,Vasanth textiles,131.55,170.43,89,172,Casual
2019-10-07,Blouse piece,Wool,Vasanth textiles,471.42,598.06,407,5,Seasonal
2017-08-18,Churidhar,Silk,Shree Ram textiles,129.13,183.95,170,166,Casual
2021-10-29,Shirt,Wool,Sri Lakshmi silks,91.63,116.75,266,180,Seasonal
2019-06-07,Cotton saree,Linen,Emco textiles,223.32,285.17,62,58,Formal
2019-02-02,Skirt,Polyester,Shree fabrics,164.7,240.03,499,101,Workwear
2017-02-09,Saree,Linen,Sri Lakshmi silks,124.59,139.73,110,177,Workwear
2017-04-11,Jacket,Cotton,Sri Lakshmi silks,747.4,1033.34,311,189,Festive
2016-03-24,Blouse piece,Wool,Emco textiles,243.02,276.73,178,37,Festive
2022-08-11,Lungi,Polyester,Sri Lakshmi silks,540.18,809.57,234,118,Workwear
2018-01-10,Skirt,Linen,Vasanth textiles,270.59,359.52,338,102,Festive
2020-02-23,Pants,Silk,Sri Lakshmi silks,87.98,99.01,244,42,Casual
2021-03-19,Cotton saree,Polyester,Shree Ram textiles,815.35,1063.38,275,158,Casual
2016-05-08,Cotton saree,Silk,Shree Ram textiles,950.46,1053.77,444,78,Casual
2018-06-12,Churidhar,Polyester,Shree Ram textiles,924.9,1359.74,153,48,Formal
2019-01-05,Jacket,Cotton,Vasanth textiles,292.37,330.69,337,119,Casual
2018-01-04,Jacket,Wool,Shree fabrics,609.08,714.55,190,182,Casual
2022-07-27,T-shirt,Wool,Emco textiles,92.32,133.52,16,137,Workwear
2016-05-09,Skirt,Linen,Vasanth textiles,685.58,972.41,201,168,Festive
2017-12-04,Pants,Wool,Emco textiles,305.37,384.29,399,107,Formal
2018-03-14,Cotton saree,Cotton,Vasanth textiles,315.08,351.99,13,135,Formal
2016-05-10,Pants,Cotton,Shree Ram textiles,505.57,620.72,67,143,Seasonal
2020-02-19,T-shirt,Polyester,Shree Ram textiles,535.28,700.46,138,117,Workwear
2018-12-21,T-shirt,Wool,Sri Lakshmi silks,185.63,250.43,363,7,Festive
2017-02-08,Cotton saree,Silk,Vasanth textiles,655.41,788.54,280,19,Seasonal
2018-05-20,Cotton saree,Linen,Vasanth textiles,762.22,899.27,462,191,Festive
2019-03-09,Lungi,Polyester,Shree fabrics,480.48,710.58,230,173,Festive
2022-06-08,Skirt,Silk,Sri Lakshmi silks,500.09,563.53,275,154,Formal
2019-08-30,Cotton saree,Linen,Emco textiles,709.09,788.76,53,101,Formal
2019-04-25,Shirt,Linen,Shree Ram textiles,974.36,1240.11,359,194,Formal
2021-08-23,Blouse piece,Cotton,Shree Ram textiles,583.36,768.67,270,41,Casual
2019-01-18,Saree,Polyester,Emco textiles,630.59,838.13,226,127,Seasonal
2016-11-09,Pants,Polyester,Vasanth textiles,138.64,171.54,269,2,Seasonal
2017-03-16,Cotton saree,Wool,Vasanth textiles,108.54,161.11,135,43,Festive
2019-11-23,Churidhar,Polyester,Sri Lakshmi silks,581.73,667.86,421,173,Seasonal
2022-07-04,T-shirt,Polyester,Shree fabrics,579.53,859.54,394,131,Workwear
2022-09-14,Churidhar,Linen,Shree fabrics,525.52,650.6,151,180,Workwear
2017-04-19,T-shirt,Polyester,Vasanth textiles,155.41,231.29,378,140,Seasonal
2016-05-23,Saree,Cotton,Sri Lakshmi silks,22.12,32.96,368,64,Seasonal
2019-05-20,Cotton saree,Cotton,Shree Ram textiles,491.91,706.57,375,67,Workwear
2017-12-31,Churidhar,Polyester,Shree fabrics,82.33,101.95,66,143,Workwear
2018-01-22,T-shirt,Linen,Sri Lakshmi silks,758.48,939.5,28,142,Seasonal
2018-01-20,Jacket,Wool,Vasanth textiles,817.71,1019.42,300,51,Casual
2021-12-15,Pants,Cotton,Vasanth textiles,41.27,49.26,70,67,Seasonal
2018-01-08,Jacket,Linen,Shree fabrics,105.49,134.55,371,149,Workwear
2019-10-12,Shirt,Linen,Vasanth textiles,504.93,593.57,324,24,Festive
2022-01-20,Churidhar,Linen,Shree Ram textiles,919.97,1332.16,154,154,Seasonal
2018-07-29,Churidhar,Linen,Shree fabrics,625.35,871.08,390,178,Workwear
2021-10-10,Cotton saree,Wool,Emco textiles,527.11,661.05,233,44,Seasonal
2021-08-30,Lungi,Cotton,Vasanth textiles,173.31,243.68,479,135,Workwear
2020-10-29,Saree,Cotton,Shree fabrics,206.62,246.95,84,117,Formal
2017-01-25,Lungi,Polyester,Sri Lakshmi silks,723.16,901.64,161,174,Workwear
2018-06-22,Blouse piece,Wool,Shree Ram textiles,872.63,1198.31,411,66,Formal
2020-09-17,Skirt,Cotton,Shree Ram textiles,338.09,461.38,278,123,Formal
2019-06-08,Skirt,Linen,Sri Lakshmi silks,50.57,60.3,357,34,Workwear
2017-08-09,Shirt,Silk,Shree Ram textiles,137.12,190.87,488,149,Seasonal
2019-05-22,Cotton saree,Wool,Shree fabrics,570.17,717.29,229,4,Festive
2021-06-13,Pants,Cotton,Shree fabrics,447.13,612.01,59,186,Casual
2022-04-01,Churidhar,Wool,Emco textiles,973.74,1172.83,403,61,Seasonal
2021-03-23,Pants,Linen,Shree fabrics,112.7,157.5,49,33,Festive
2016-10-24,Churidhar,Linen,Shree fabrics,968.57,1247.49,176,179,Festive
2022-10-20,T-shirt,Polyester,Vasanth textiles,478.3,663.7,402,133,Seasonal
2018-06-09,Saree,Cotton,Emco textiles,827.47,1024.88,339,28,Festive
2017-01-25,Skirt,Wool,Vasanth textiles,316.39,408.22,190,62,Seasonal
2020-02-24,Skirt,Wool,Shree fabrics,95.25,106.17,418,42,Seasonal
2019-09-05,Shirt,Silk,Shree Ram textiles,967.53,1183.24,323,142,Casual
2016-08-06,Blouse piece,Cotton,Vasanth textiles,152.32,167.68,33,6,Festive
2016-08-10,Churidhar,Linen,Emco textiles,521.71,711.45,297,35,Casual
2019-09-20,Pants,Polyester,Shree fabrics,980.07,1374.92,58,6,Formal
2017-03-26,Pants,Wool,Vasanth textiles,319.13,472.41,250,125,Formal
2017-05-10,Lungi,Wool,Sri Lakshmi silks,499.2,554.33,441,23,Casual
2016-07-26,Pants,Polyester,Vasanth textiles,529.57,790.69,74,129,Workwear
2019-09-13,Jacket,Wool,Sri Lakshmi silks,99.37,117.12,489,42,Formal
2019-01-28,Churidhar,Polyester,Emco textiles,124.85,144.19,261,51,Seasonal
2019-08-23,Jacket,Silk,Shree fabrics,716.36,888.5,358,111,Casual
2021-02-25,Cotton saree,Linen,Emco textiles,815.85,897.64,18,2,Casual
2020-02-14,Skirt,Linen,Shree fabrics,824.09,1231.35,249,54,Casual
2017-09-03,Blouse piece,Silk,Shree Ram textiles,405.64,602.78,281,120,Casual
2021-02-01,Saree,Silk,Sri Lakshmi silks,75.06,83.7,491,78,Workwear
2021-06-02,T-shirt,Polyester,Vasanth textiles,856.84,1182.55,72,55,Formal
2018-12-08,Saree,Polyester,Shree fabrics,781.74,901.29,363,68,Casual
2016-12-09,T-shirt,Silk,Emco textiles,182.62,273.23,243,116,Workwear
2018-03-21,Lungi,Polyester,Vasanth textiles,382.87,452.37,237,118,Formal
2021-12-31,Churidhar,Wool,Emco textiles,83.8,122.74,159,40,Festive
2017-08-29,Saree,Polyester,Sri Lakshmi silks,758.33,884.96,66,132,Festive
2018-01-13,Jacket,Cotton,Shree fabrics,759.43,1044.51,196,137,Casual
2020-03-25,Cotton saree,Polyester,Vasanth textiles,73.03,103.85,232,43,Seasonal
2020-03-03,Cotton saree,Polyester,Emco textiles,646.6,714.9,156,40,Casual
2020-10-21,Pants,Linen,Shree fabrics,337.33,432.81,92,61,Festive
2018-12-11,T-shirt,Cotton,Shree Ram textiles,213.97,273.38,155,70,Festive
2022-03-12,T-shirt,Silk,Shree Ram textiles,749.49,868.4,15,132,Seasonal
2016-12-02,Skirt,Silk,Sri Lakshmi silks,541.82,807.57,96,67,Formal
2020-08-20,Saree,Wool,Shree fabrics,392.65,571.98,225,183,Festive
2021-11-17,Skirt,Silk,Vasanth textiles,737.13,866.48,366,194,Casual
2019-08-29,Cotton saree,Cotton,Shree Ram textiles,679.71,990.54,211,92,Casual
2018-06-28,Lungi,Polyester,Shree fabrics,880.01,1276.33,288,52,Casual
2016-09-23,Shirt,Cotton,Emco textiles,186.73,274.92,132,96,Formal
2021-09-30,Shirt,Wool,Vasanth textiles,947.73,1259.55,121,79,Formal
2021-07-20,T-shirt,Polyester,Shree Ram textiles,87.3,106.93,289,95,Casual
2019-10-10,Pants,Cotton,Sri Lakshmi silks,798.91,1062.47,134,158,Festive
2017-11-10,Cotton saree,Polyester,Emco textiles,323.24,375.77,119,174,Casual
2022-08-05,Skirt,Cotton,Shree fabrics,617.95,825.38,427,51,Casual
2020-08-18,Churidhar,Linen,Shree Ram textiles,551.65,683.79,156,82,Casual
2017-01-09,Shirt,Cotton,Sri Lakshmi silks,145.37,189.04,458,59,Formal
2017-02-24,Churidhar,Polyester,Emco textiles,369.97,529.34,394,63,Festive
2018-12-13,Blouse piece,Cotton,Emco textiles,550.94,706.0,209,138,Seasonal
2019-01-13,T-shirt,Polyester,Vasanth textiles,852.81,1019.97,81,10,Casual
2019-07-10,T-shirt,Polyester,Shree Ram textiles,609.62,876.59,458,186,Workwear
2019-01-18,Lungi,Polyester,Shree fabrics,786.98,1072.38,351,123,Workwear
2021-03-09,Blouse piece,Wool,Vasanth textiles,21.36,30.42,84,121,Formal
2018-09-07,Churidhar,Polyester,Vasanth textiles,701.34,986.54,322,155,Formal
2018-08-07,Jacket,Silk,Shree fabrics,359.73,419.98,14,80,Formal
2018-09-19,T-shirt,Wool,Shree fabrics,841.84,1070.25,497,23,Workwear
2021-06-30,Skirt,Silk,Shree fabrics,142.86,210.42,180,35,Workwear
2017-07-11,Cotton saree,Polyester,Shree fabrics,405.2,521.96,443,147,Formal
2019-12-14,Skirt,Silk,Emco textiles,619.66,784.95,262,182,Seasonal
2017-02-06,Churidhar,Polyester,Shree fabrics,375.97,481.4,202,71,Workwear
2017-02-20,T-shirt,Silk,Emco textiles,878.43,1275.43,310,70,Festive
2018-01-08,Cotton saree,Silk,Shree fabrics,638.81,945.31,269,136,Workwear
2018-07-28,Lungi,Polyester,Emco textiles,990.56,1165.66,130,47,Seasonal
2022-11-19,Cotton saree,Cotton,Shree fabrics,723.46,970.88,86,83,Formal
2022-12-05,Jacket,Silk,Emco textiles,111.13,153.51,363,120,Formal
2019-03-20,Skirt,Linen,Shree fabrics,665.72,900.86,227,155,Casual
2019-09-22,Lungi,Polyester,Emco textiles,898.19,1001.92,427,46,Formal
2021-09-04,Lungi,Cotton,Vasanth textiles,715.74,851.44,57,50,Formal
2019-01-29,Blouse piece,Polyester,Emco textiles,381.9,475.03,399,15,Workwear
2022-09-03,Cotton saree,Linen,Shree fabrics,315.98,443.58,456,28,Seasonal
2016-06-03,Churidhar,Cotton,Vasanth textiles,79.97,113.94,15,12,Formal
2022-06-13,Jacket,Linen,Sri Lakshmi silks,596.11,830.41,232,30,Workwear
2018-02-25,Cotton saree,Linen,Emco textiles,931.96,1347.09,452,91,Festive
2016-02-23,Saree,Wool,Shree Ram textiles,540.32,762.22,183,107,Formal
2017-01-11,Cotton saree,Silk,Shree fabrics,523.32,607.63,16,197,Workwear
2018-07-08,Skirt,Polyester,Shree fabrics,752.31,1063.7,157,54,Seasonal
2022-04-23,Blouse piece,Cotton,Vasanth textiles,285.93,404.89,344,100,Formal
2021-10-17,Saree,Polyester,Sri Lakshmi silks,368.2,441.82,11,167,Casual
2018-01-20,Jacket,Cotton,Vasanth textiles,569.38,780.84,430,76,Workwear
2018-09-27,Skirt,Cotton,Shree fabrics,674.26,844.25,463,13,Formal
2022-09-18,Blouse piece,Wool,Sri Lakshmi silks,558.88,793.23,145,30,Festive
2017-06-08,Jacket,Cotton,Emco textiles,345.01,482.84,432,141,Festive
2021-08-10,Blouse piece,Silk,Vasanth textiles,534.85,747.84,114,158,Festive
2017-04-21,Saree,Silk,Sri Lakshmi silks,244.75,315.11,106,183,Seasonal
2019-12-26,Churidhar,Polyester,Shree Ram textiles,626.12,878.84,109,5,Festive
2022-07-05,Saree,Wool,Shree Ram textiles,511.11,627.31,346,117,Festive
2021-01-27,Cotton saree,Wool,Sri Lakshmi silks,436.17,510.49,15,171,Festive
2017-11-16,Lungi,Silk,Vasanth textiles,82.53,118.62,259,147,Festive
2017-06-23,Skirt,Linen,Emco textiles,548.81,607.8,442,12,Casual
2020-08-22,T-shirt,Wool,Emco textiles,492.38,689.65,342,1,Casual
2022-05-15,T-shirt,Wool,Shree Ram textiles,374.28,474.08,384,141,Formal
2018-04-04,Cotton saree,Linen,Shree fabrics,987.06,1173.21,125,24,Workwear
2016-03-28,Skirt,Silk,Sri Lakshmi silks,410.92,538.22,256,76,Casual
2018-11-15,Shirt,Polyester,Emco textiles,386.88,480.97,43,4,Workwear
2018-02-28,Shirt,Wool,Sri Lakshmi silks,995.47,1396.92,115,48,Workwear
2020-11-08,Pants,Wool,Vasanth textiles,175.39,237.46,254,34,Formal
2018-06-05,Pants,Wool,Sri Lakshmi silks,46.97,52.49,96,145,Casual
2019-01-19,Blouse piece,Wool,Shree Ram textiles,704.84,814.39,314,95,Workwear
2021-06-21,Churidhar,Cotton,Vasanth textiles,413.74,488.0,154,131,Casual
2017-01-11,Churidhar,Polyester,Emco textiles,624.38,836.96,306,75,Festive
2021-04-24,Shirt,Silk,Shree fabrics,647.36,875.27,273,34,Festive
2021-05-09,Saree,Polyester,Vasanth textiles,308.87,399.73,201,24,Casual
2018-01-02,Cotton saree,Polyester,Shree fabrics,348.8,500.05,157,53,Seasonal
2021-11-07,Jacket,Polyester,Emco textiles,346.47,437.68,429,71,Workwear
2020-08-02,Jacket,Cotton,Shree Ram textiles,301.28,390.03,40,163,Festive
2017-06-11,Lungi,Polyester,Emco textiles,347.49,514.83,11,191,Festive
2016-09-10,Pants,Polyester,Sri Lakshmi silks,927.62,1117.78,357,45,Festive
2018-08-05,Lungi,Cotton,Shree fabrics,366.08,464.18,380,63,Workwear
2021-07-31,Churidhar,Polyester,Sri Lakshmi silks,549.64,699.04,92,162,Formal
2020-08-12,Lungi,Wool,Vasanth textiles,507.42,589.14,414,24,Festive
2019-01-22,Shirt,Silk,Shree Ram textiles,709.02,957.09,112,85,Formal
2020-02-29,T-shirt,Silk,Shree fabrics,744.68,848.26,234,160,Casual
2019-01-27,Saree,Silk,Sri Lakshmi silks,66.83,88.05,467,58,Workwear
2019-07-08,Lungi,Linen,Shree fabrics,819.7,1217.05,292,117,Seasonal
2022-07-11,T-shirt,Cotton,Sri Lakshmi silks,676.15,982.76,412,150,Casual
2022-09-19,Jacket,Silk,Shree fabrics,62.27,81.82,27,25,Workwear
2021-07-25,Jacket,Linen,Vasanth textiles,950.55,1163.3,423,97,Workwear
2020-08-02,Cotton saree,Linen,Sri Lakshmi silks,756.8,1094.36,71,200,Workwear
2022-11-27,Jacket,Cotton,Shree Ram textiles,475.62,625.12,134,192,Festive
2020-08-12,Blouse piece,Linen,Emco textiles,470.62,546.22,34,139,Festive
2016-04-22,Churidhar,Wool,Sri Lakshmi silks,432.39,523.87,158,127,Casual
2018-02-25,Blouse piece,Polyester,Sri Lakshmi silks,907.97,1337.17,181,25,Seasonal
2021-10-29,Cotton saree,Polyester,Shree fabrics,627.31,880.88,436,171,Formal
2016-05-08,Skirt,Polyester,Shree Ram textiles,919.61,1180.43,432,164,Formal
2020-04-18,Pants,Silk,Emco textiles,248.36,360.96,27,78,Workwear
2016-02-17,Saree,Silk,Sri Lakshmi silks,596.94,758.54,50,133,Formal
2018-11-10,Saree,Polyester,Vasanth textiles,858.96,1196.57,339,37,Festive
2017-11-15,Jacket,Linen,Shree Ram textiles,594.1,842.26,189,86,Casual
2019-11-11,Lungi,Polyester,Shree Ram textiles,131.45,190.13,320,10,Festive
2018-11-28,Jacket,Polyester,Sri Lakshmi silks,476.08,706.02,155,82,Casual
2019-05-07,Pants,Silk,Vasanth textiles,549.79,759.53,124,166,Casual
2020-04-29,T-shirt,Linen,Sri Lakshmi silks,384.66,440.67,304,110,Casual
2022-03-27,T-shirt,Linen,Sri Lakshmi silks,998.72,1180.9,154,195,Festive
2021-04-10,Jacket,Silk,Emco textiles,766.0,1116.86,115,44,Formal
2021-05-07,T-shirt,Cotton,Emco textiles,763.1,929.17,160,9,Festive
2017-08-15,Jacket,Silk,Sri Lakshmi silks,428.4,590.04,70,54,Festive
2022-04-11,Shirt,Linen,Sri Lakshmi silks,307.72,358.58,416,68,Festive
2017-01-12,Churidhar,Silk,Vasanth textiles,257.92,291.26,364,23,Formal
2016-09-15,Blouse piece,Silk,Shree Ram textiles,75.55,102.28,308,37,Workwear
2018-12-18,Churidhar,Linen,Emco textiles,849.8,1221.58,26,149,Casual
2019-03-11,Shirt,Linen,Emco textiles,184.05,254.39,301,73,Workwear
2018-01-29,Skirt,Silk,Shree Ram textiles,790.95,1141.29,129,179,Formal
2021-05-19,Jacket,Polyester,Vasanth textiles,311.2,372.33,113,178,Workwear
2020-02-12,Churidhar,Polyester,Sri Lakshmi silks,614.97,752.96,308,147,Workwear
2018-08-30,Blouse piece,Linen,Vasanth textiles,745.87,1013.89,341,6,Casual
2019-08-17,Blouse piece,Polyester,Sri Lakshmi silks,828.94,1057.37,181,133,Casual
2017-04-17,Cotton saree,Linen,Shree fabrics,553.97,787.12,401,70,Festive
2022-07-08,Blouse piece,Polyester,Sri Lakshmi silks,553.9,673.38,156,164,Seasonal
2020-08-10,Lungi,Polyester,Emco textiles,111.64,162.03,116,48,Formal
2018-08-18,T-shirt,Cotton,Shree fabrics,215.57,291.68,458,8,Casual
2017-07-24,Pants,Polyester,Sri Lakshmi silks,570.38,702.44,72,23,Formal
2019-11-07,Jacket,Wool,Vasanth textiles,74.74,109.86,396,99,Festive
2016-06-24,Cotton saree,Linen,Shree fabrics,390.08,537.98,302,26,Festive
2016-04-04,Pants,Silk,Shree fabrics,260.91,304.13,198,199,Casual
2019-02-13,Skirt,Wool,Vasanth textiles,295.91,332.48,408,133,Formal
2019-06-28,Skirt,Cotton,Vasanth textiles,877.35,1158.52,404,200,Festive
2017-08-13,Blouse piece,Polyester,Shree Ram textiles,188.99,260.98,42,20,Workwear
2020-09-06,Blouse piece,Linen,Emco textiles,874.73,1203.31,140,114,Festive
2019-05-01,Jacket,Polyester,Shree Ram textiles,25.42,29.54,95,105,Workwear
2017-04-20,Cotton saree,Linen,Vasanth textiles,610.4,704.84,468,27,Casual
2016-10-19,Skirt,Wool,Shree fabrics,705.5,842.08,125,172,Formal
2021-12-06,Cotton saree,Linen,Vasanth textiles,928.92,1333.24,203,50,Seasonal
2018-08-07,Skirt,Silk,Shree Ram textiles,290.99,368.99,377,143,Festive
2017-11-27,Skirt,Polyester,Shree Ram textiles,140.05,166.09,302,67,Casual
2022-12-11,Lungi,Linen,Sri Lakshmi silks,259.01,325.9,352,23,Casual
2022-02-03,T-shirt,Cotton,Sri Lakshmi silks,424.67,602.47,174,11,Formal
2019-09-03,T-shirt,Cotton,Vasanth textiles,986.6,1319.14,336,19,Casual
2021-09-08,Saree,Silk,Shree fabrics,399.29,461.73,369,106,Festive
2022-10-24,Cotton saree,Linen,Shree fabrics,840.47,1050.7,360,46,Seasonal
2018-04-05,Blouse piece,Polyester,Shree fabrics,423.49,634.28,479,91,Formal
2020-05-01,Shirt,Wool,Shree Ram textiles,480.12,569.18,129,50,Casual
2019-07-07,Pants,Wool,Shree Ram textiles,682.45,843.24,447,22,Seasonal
2022-06-10,Skirt,Polyester,Emco textiles,329.23,422.2,205,121,Formal
2019-10-03,Churidhar,Silk,Shree Ram textiles,226.01,265.86,403,145,Workwear
2022-01-26,Skirt,Polyester,Shree fabrics,869.84,1097.02,248,119,Formal
2021-07-20,Jacket,Polyester,Shree Ram textiles,622.33,761.76,168,39,Workwear
2018-04-02,T-shirt,Wool,Emco textiles,43.21,58.47,89,67,Casual
2019-02-07,Skirt,Silk,Shree fabrics,794.99,1074.67,450,19,Casual
2017-01-27,Shirt,Cotton,Shree Ram textiles,976.87,1372.41,496,154,Workwear
2018-10-10,Jacket,Linen,Vasanth textiles,565.73,728.55,48,6,Workwear
2016-06-03,Saree,Cotton,Shree fabrics,280.32,364.11,263,115,Seasonal
2021-09-18,Blouse piece,Cotton,Emco textiles,796.22,891.58,435,61,Festive
2018-05-23,Shirt,Silk,Shree Ram textiles,934.01,1278.68,79,6,Casual
2019-12-03,Blouse piece,Linen,Shree fabrics,374.53,473.12,172,190,Casual
2022-07-05,Cotton saree,Cotton,Emco textiles,711.64,1057.27,75,66,Casual
2022-02-19,Pants,Wool,Emco textiles,219.4,300.66,471,102,Formal
2020-05-04,Pants,Linen,Emco textiles,554.97,815.69,65,175,Festive
2019-06-26,Pants,Cotton,Sri Lakshmi silks,51.4,57.92,364,44,Casual
2017-06-20,Pants,Linen,Emco textiles,780.42,1134.13,315,14,Formal
2022-01-25,Lungi,Wool,Sri Lakshmi silks,83.17,117.81,190,167,Seasonal
2022-06-12,Shirt,Wool,Shree Ram textiles,559.87,731.62,405,162,Casual
2021-03-26,Blouse piece,Wool,Emco textiles,676.82,903.55,97,7,Seasonal
2017-03-08,Cotton saree,Cotton,Shree fabrics,677.91,946.64,314,174,Seasonal
2017-08-30,T-shirt,Silk,Vasanth textiles,646.0,876.69,500,50,Formal
2021-08-01,Pants,Silk,Shree fabrics,306.8,404.89,181,110,Workwear
2018-08-26,Blouse piece,Silk,Vasanth textiles,80.31,90.98,139,195,Formal
2018-05-09,Skirt,Polyester,Shree Ram textiles,372.89,494.51,37,178,Casual
2016-04-17,Blouse piece,Silk,Shree fabrics,892.94,1286.07,99,198,Workwear
2016-08-07,Shirt,Linen,Sri Lakshmi silks,254.13,284.36,157,60,Workwear
2019-03-17,Shirt,Silk,Vasanth textiles,418.19,548.35,188,90,Festive
2016-05-09,Saree,Polyester,Shree fabrics,916.03,1258.33,37,145,Casual
2016-03-07,T-shirt,Linen,Vasanth textiles,644.11,915.37,295,137,Seasonal
2019-10-02,Blouse piece,Silk,Emco textiles,455.05,607.81,16,45,Seasonal
2016-06-09,Lungi,Wool,Shree fabrics,911.28,1292.72,206,72,Formal
2021-09-25,Pants,Wool,Sri Lakshmi silks,556.44,688.73,319,5,Casual
2017-12-31,Shirt,Cotton,Vasanth textiles,138.52,169.58,487,108,Formal
2019-07-19,T-shirt,Silk,Emco textiles,104.24,140.05,246,75,Workwear
2018-02-18,Jacket,Silk,Shree fabrics,588.92,780.7,175,101,Workwear
2019-04-01,Cotton saree,Polyester,Vasanth textiles,757.0,889.06,420,19,Workwear
2021-08-20,Pants,Polyester,Shree Ram textiles,321.23,469.08,344,126,Formal
2020-01-11,Skirt,Linen,Shree fabrics,664.17,907.41,146,136,Casual
2016-03-20,Blouse piece,Wool,Emco textiles,910.42,1284.37,348,158,Festive
2021-01-04,Skirt,Polyester,Shree Ram textiles,210.32,259.88,97,192,Workwear
2020-08-08,Churidhar,Cotton,Shree fabrics,467.83,617.75,492,119,Workwear
2017-10-20,Shirt,Silk,Sri Lakshmi silks,261.95,391.5,452,91,Seasonal
2017-09-23,T-shirt,Polyester,Emco textiles,735.87,1088.9,264,89,Casual
2016-12-13,Skirt,Linen,Shree fabrics,711.15,850.21,401,141,Workwear
2020-10-26,Saree,Silk,Emco textiles,215.11,244.61,277,169,Formal
2020-05-17,Churidhar,Cotton,Shree Ram textiles,965.59,1152.93,439,111,Workwear
2019-02-21,Jacket,Linen,Emco textiles,712.83,834.31,91,104,Seasonal
2022-05-03,Churidhar,Polyester,Vasanth textiles,95.58,141.31,268,198,Workwear
2018-07-29,Lungi,Cotton,Sri Lakshmi silks,29.74,41.72,305,135,Workwear
2022-03-27,Pants,Cotton,Sri Lakshmi silks,370.36,469.37,176,5,Casual
2022-02-28,Pants,Wool,Emco textiles,705.47,943.71,348,166,Casual
2020-01-02,Lungi,Cotton,Emco textiles,713.1,975.13,404,44,Workwear
2021-01-25,Skirt,Cotton,Emco textiles,816.29,1183.62,321,11,Casual
2022-04-01,Skirt,Linen,Sri Lakshmi silks,608.53,788.22,369,143,Festive
2020-04-18,Pants,Wool,Emco textiles,114.11,144.36,269,20,Casual
2019-08-18,Cotton saree,Linen,Shree Ram textiles,549.26,679.95,308,95,Formal
2020-12-06,Churidhar,Wool,Shree fabrics,179.46,263.87,20,105,Seasonal
2017-09-19,Churidhar,Polyester,Emco textiles,389.15,535.08,420,140,Workwear
2021-08-26,Saree,Silk,Emco textiles,307.57,352.08,189,28,Workwear
2020-03-14,T-shirt,Cotton,Emco textiles,769.39,857.81,97,177,Formal
2018-01-12,Blouse piece,Polyester,Sri Lakshmi silks,953.44,1065.05,438,93,Seasonal
2019-09-06,Shirt,Linen,Sri Lakshmi silks,744.99,1086.74,342,167,Formal
2016-05-30,Saree,Cotton,Shree fabrics,805.49,923.41,450,98,Seasonal
2022-11-29,Cotton saree,Silk,Sri Lakshmi silks,211.67,305.26,89,195,Festive
2018-07-25,Shirt,Wool,Emco textiles,456.38,561.41,287,194,Formal
2021-12-04,Cotton saree,Silk,Shree fabrics,164.76,203.75,62,191,Workwear
2018-11-23,Blouse piece,Linen,Sri Lakshmi silks,154.93,176.63,434,41,Workwear
2019-12-28,Jacket,Polyester,Shree fabrics,479.08,578.61,453,50,Seasonal
2017-03-30,Lungi,Silk,Sri Lakshmi silks,833.54,984.22,442,114,Workwear
2021-08-01,Saree,Wool,Shree Ram textiles,55.25,75.83,240,78,Formal
2022-08-08,Churidhar,Cotton,Shree fabrics,938.46,1271.75,112,40,Seasonal
2021-10-11,Churidhar,Wool,Vasanth textiles,586.16,731.1,468,200,Seasonal
2016-06-14,Skirt,Cotton,Vasanth textiles,67.62,85.54,175,68,Workwear
2019-11-05,Pants,Polyester,Emco textiles,875.88,977.95,219,113,Formal
2018-11-24,Churidhar,Silk,Sri Lakshmi silks,467.1,632.78,408,103,Casual
2020-10-02,Saree,Cotton,Sri Lakshmi silks,948.2,1142.06,500,85,Festive
2017-09-15,Skirt,Linen,Shree Ram textiles,231.37,280.62,454,115,Seasonal
2019-08-26,Jacket,Wool,Sri Lakshmi silks,796.69,1036.21,353,180,Festive
2020-11-04,Churidhar,Polyester,Shree fabrics,407.67,448.6,39,10,Festive
2019-03-12,Jacket,Polyester,Shree fabrics,99.23,118.71,223,116,Festive
2022-04-08,Churidhar,Linen,Sri Lakshmi silks,186.19,263.44,257,96,Festive
2020-03-09,Churidhar,Linen,Sri Lakshmi silks,544.18,806.64,327,123,Workwear
2018-03-18,Blouse piece,Linen,Shree Ram textiles,691.96,805.41,37,52,Workwear
2018-04-06,Jacket,Polyester,Emco textiles,885.56,1210.67,458,165,Formal
2018-10-24,Blouse piece,Silk,Vasanth textiles,416.08,610.04,379,85,Casual
2022-06-23,T-shirt,Silk,Vasanth textiles,197.29,280.81,262,140,Casual
2016-02-26,Churidhar,Polyester,Shree Ram textiles,999.91,1156.5,424,168,Festive
2016-10-18,T-shirt,Silk,Vasanth textiles,894.6,1322.49,288,163,Seasonal
2020-01-28,T-shirt,Silk,Shree Ram textiles,375.21,544.81,11,103,Casual
2018-01-16,Jacket,Polyester,Vasanth textiles,352.9,525.41,447,28,Festive
2022-05-04,Skirt,Wool,Emco textiles,926.23,1112.08,55,142,Seasonal
2020-03-25,Blouse piece,Cotton,Vasanth textiles,282.84,381.75,113,18,Workwear
2016-11-16,Saree,Linen,Shree fabrics,146.74,178.83,32,8,Seasonal
2021-10-04,Skirt,Polyester,Vasanth textiles,304.17,357.95,251,160,Casual
2016-08-28,Blouse piece,Linen,Shree fabrics,617.75,856.23,169,23,Formal
2021-12-22,Pants,Wool,Emco textiles,162.0,237.4,471,109,Seasonal
2017-07-08,Jacket,Wool,Shree fabrics,527.24,683.73,127,76,Formal
2020-01-23,Blouse piece,Silk,Shree Ram textiles,907.42,1229.44,86,80,Workwear
2020-06-10,Cotton saree,Cotton,Vasanth textiles,924.75,1342.18,123,175,Formal
2020-11-16,Churidhar,Polyester,Shree Ram textiles,353.03,420.49,447,33,Seasonal
2021-11-11,Blouse piece,Polyester,Shree Ram textiles,943.93,1377.73,183,52,Festive
2020-01-16,Shirt,Cotton,Emco textiles,647.4,811.17,139,99,Seasonal
2022-09-09,Jacket,Cotton,Vasanth textiles,45.86,52.34,100,81,Festive
2019-09-18,Shirt,Polyester,Shree fabrics,913.63,1291.21,180,122,Seasonal
2017-04-01,Pants,Cotton,Emco textiles,498.64,669.52,304,115,Formal
2017-10-16,Blouse piece,Polyester,Emco textiles,879.51,1208.97,407,98,Workwear
2021-07-06,Pants,Linen,Shree Ram textiles,942.93,1291.62,277,193,Festive
2021-03-12,Blouse piece,Polyester,Sri Lakshmi silks,329.58,387.2,118,85,Festive
2020-06-10,Jacket,Cotton,Shree Ram textiles,340.18,475.61,258,174,Casual
2019-07-28,Shirt,Wool,Vasanth textiles,61.27,86.6,93,28,Festive
2020-03-15,Shirt,Polyester,Shree Ram textiles,564.5,775.51,294,72,Seasonal
2018-09-19,Blouse piece,Wool,Shree fabrics,740.36,840.33,466,122,Casual
2018-11-04,T-shirt,Polyester,Shree fabrics,866.84,1221.31,481,122,Casual
2022-07-09,Saree,Cotton,Sri Lakshmi silks,748.84,841.76,28,163,Festive
2022-01-14,Cotton saree,Silk,Shree fabrics,906.67,1166.13,291,148,Festive
2019-10-09,Churidhar,Cotton,Shree fabrics,271.2,362.15,119,114,Casual
2018-10-19,Cotton saree,Wool,Sri Lakshmi silks,302.43,363.66,354,70,Festive
2018-12-18,Lungi,Wool,Vasanth textiles,261.82,363.3,251,96,Formal
2022-10-19,Saree,Silk,Emco textiles,895.82,1337.0,456,187,Festive
2021-11-18,Lungi,Linen,Shree fabrics,96.37,113.8,370,5,Workwear
2017-06-24,Pants,Linen,Sri Lakshmi silks,124.26,173.26,115,54,Formal
2016-05-16,T-shirt,Wool,Vasanth textiles,319.34,401.35,311,66,Casual
2016-04-24,Blouse piece,Silk,Vasanth textiles,442.47,544.93,480,95,Workwear
2021-06-29,Cotton saree,Polyester,Shree Ram textiles,289.06,424.93,228,163,Casual
2019-03-16,Skirt,Cotton,Shree Ram textiles,356.36,528.12,67,67,Workwear
2018-02-10,Lungi,Cotton,Shree Ram textiles,594.69,823.91,260,127,Seasonal
2018-04-11,Skirt,Wool,Vasanth textiles,701.14,778.93,483,80,Seasonal
2019-12-12,Lungi,Polyester,Shree Ram textiles,654.86,787.63,490,72,Festive
2022-09-04,Skirt,Wool,Sri Lakshmi silks,156.47,172.27,421,131,Workwear
2017-03-24,Lungi,Wool,Emco textiles,458.26,577.36,258,5,Formal
2018-11-18,Shirt,Linen,Sri Lakshmi silks,517.9,655.33,264,45,Seasonal
2019-02-15,Blouse piece,Polyester,Vasanth textiles,136.71,164.36,264,64,Seasonal
2022-05-03,Pants,Wool,Shree Ram textiles,259.66,319.2,461,160,Workwear
2020-04-14,Shirt,Wool,Sri Lakshmi silks,426.87,611.75,486,197,Seasonal
2022-05-21,Cotton saree,Silk,Emco textiles,115.31,147.97,211,148,Formal
2019-05-27,Blouse piece,Polyester,Shree fabrics,145.38,216.8,423,49,Casual
2018-10-31,T-shirt,Polyester,Shree fabrics,958.97,1153.27,178,177,Seasonal
2018-04-26,Saree,Linen,Shree fabrics,730.23,819.49,394,127,Casual
2018-09-19,Pants,Wool,Shree Ram textiles,953.18,1085.6,186,120,Formal
2020-12-23,Jacket,Polyester,Emco textiles,976.28,1191.86,140,127,Casual
2020-01-20,Jacket,Polyester,Shree fabrics,48.32,55.87,70,64,Workwear
2016-04-04,Blouse piece,Cotton,Emco textiles,760.83,1022.69,93,165,Casual
2017-03-10,Pants,Cotton,Vasanth textiles,713.57,875.69,445,100,Casual
2020-06-24,Lungi,Linen,Sri Lakshmi silks,676.98,1005.61,186,73,Casual
2017-03-24,Churidhar,Cotton,Shree fabrics,694.77,963.37,429,47,Festive
2019-12-26,Churidhar,Cotton,Vasanth textiles,461.22,555.69,432,31,Workwear
2020-02-27,Skirt,Cotton,Shree Ram textiles,471.59,548.75,327,76,Formal
2019-06-24,Shirt,Wool,Shree fabrics,485.28,704.7,242,74,Formal
2018-06-06,Lungi,Wool,Vasanth textiles,882.54,1256.37,16,114,Formal
2020-05-11,Blouse piece,Wool,Vasanth textiles,790.12,1162.3,153,107,Seasonal
2017-11-21,Churidhar,Cotton,Sri Lakshmi silks,450.2,633.35,278,19,Formal
2018-08-31,T-shirt,Linen,Emco textiles,981.48,1472.18,155,11,Festive
2021-03-27,Churidhar,Polyester,Vasanth textiles,877.77,1043.49,365,176,Festive
2019-01-15,Shirt,Silk,Sri Lakshmi silks,64.28,81.89,38,160,Festive
2019-12-13,Cotton saree,Wool,Shree Ram textiles,728.64,905.17,465,200,Seasonal
2016-11-19,Cotton saree,Silk,Sri Lakshmi silks,344.64,476.45,25,113,Formal
2016-12-13,Saree,Wool,Emco textiles,788.24,1153.14,145,132,Formal
2018-09-06,Skirt,Linen,Emco textiles,764.54,1061.71,462,123,Seasonal
2017-09-21,Blouse piece,Linen,Emco textiles,986.66,1430.79,102,70,Casual
2017-08-09,Lungi,Silk,Vasanth textiles,699.91,994.93,352,54,Formal
2019-04-20,Skirt,Cotton,Vasanth textiles,142.27,169.36,23,86,Formal
2016-04-15,Saree,Cotton,Shree Ram textiles,632.51,836.81,139,113,Casual
2018-04-13,Cotton saree,Polyester,Emco textiles,364.66,416.47,453,29,Seasonal
2019-06-23,Shirt,Silk,Sri Lakshmi silks,122.77,144.84,107,108,Casual
2018-12-15,Blouse piece,Cotton,Shree Ram textiles,280.87,399.79,74,41,Seasonal
2021-07-25,Saree,Cotton,Shree Ram textiles,481.21,537.06,154,52,Formal
2018-08-02,Jacket,Wool,Emco textiles,944.96,1398.91,137,14,Casual
2016-04-22,Pants,Linen,Shree Ram textiles,783.84,1035.05,183,94,Casual
2022-01-11,Shirt,Cotton,Vasanth textiles,915.47,1140.43,258,172,Casual
2020-10-07,Pants,Linen,Sri Lakshmi silks,365.88,467.62,352,17,Festive
2021-05-05,Jacket,Wool,Sri Lakshmi silks,376.34,559.8,94,157,Seasonal
2022-07-13,Churidhar,Cotton,Shree fabrics,925.13,1065.46,114,18,Formal
2021-04-26,Blouse piece,Silk,Shree fabrics,422.63,574.91,151,110,Workwear
2019-09-04,Shirt,Linen,Emco textiles,722.87,1079.25,251,178,Festive
2016-04-17,Lungi,Polyester,Shree fabrics,53.03,74.49,345,27,Workwear
2020-06-28,T-shirt,Cotton,Emco textiles,820.89,930.62,461,7,Formal
2022-07-21,T-shirt,Silk,Shree Ram textiles,980.09,1293.46,227,123,Festive
2017-12-20,Shirt,Linen,Sri Lakshmi silks,504.62,648.24,143,14,Festive
2019-07-01,T-shirt,Silk,Sri Lakshmi silks,979.25,1426.0,379,116,Festive
2022-01-05,Saree,Linen,Shree Ram textiles,732.27,952.18,203,25,Seasonal
2021-04-25,T-shirt,Polyester,Sri Lakshmi silks,393.14,458.39,438,64,Casual
2018-04-24,Cotton saree,Wool,Vasanth textiles,465.41,541.36,246,110,Formal
2019-09-28,Blouse piece,Cotton,Shree fabrics,859.21,1260.26,444,138,Seasonal
2022-03-26,Cotton saree,Linen,Emco textiles,730.3,984.85,101,18,Workwear
2021-07-27,Pants,Linen,Emco textiles,952.81,1426.49,340,139,Casual
2019-01-11,Lungi,Linen,Shree Ram textiles,933.28,1238.02,96,110,Seasonal
2019-09-06,T-shirt,Wool,Shree fabrics,522.6,720.35,386,193,Festive
2017-06-11,Skirt,Linen,Shree Ram textiles,717.92,1027.63,96,192,Formal
2018-02-11,Shirt,Polyester,Shree fabrics,944.19,1278.1,22,131,Casual
2018-02-25,Churidhar,Linen,Shree fabrics,496.71,730.08,23,137,Casual
2016-12-21,Blouse piece,Wool,Sri Lakshmi silks,81.53,107.21,355,169,Formal
2017-02-08,Blouse piece,Silk,Emco textiles,67.96,89.19,34,172,Casual
2016-09-12,T-shirt,Wool,Shree Ram textiles,503.78,650.19,12,152,Seasonal
2017-11-18,T-shirt,Polyester,Shree Ram textiles,74.72,107.87,481,64,Workwear
2017-01-06,Pants,Silk,Emco textiles,370.69,487.73,312,93,Casual
2020-08-17,Saree,Linen,Shree fabrics,291.77,389.47,203,161,Festive
2021-04-18,Lungi,Linen,Vasanth textiles,510.34,735.2,77,128,Seasonal
2019-10-26,Cotton saree,Wool,Shree Ram textiles,365.73,466.25,239,172,Casual
2022-05-08,Skirt,Wool,Vasanth textiles,818.29,915.56,246,3,Festive
2017-03-16,Saree,Linen,Shree Ram textiles,591.4,809.8,463,183,Seasonal
2016-11-23,Lungi,Silk,Emco textiles,243.41,343.36,421,161,Workwear
2019-12-31,Cotton saree,Linen,Shree Ram textiles,585.7,824.97,294,144,Casual
2022-01-20,Churidhar,Wool,Sri Lakshmi silks,258.8,340.9,222,19,Festive
2022-10-05,Churidhar,Polyester,Sri Lakshmi silks,136.27,158.51,162,129,Casual
2022-12-03,Shirt,Wool,Vasanth textiles,652.87,785.68,49,192,Seasonal
2017-05-16,Churidhar,Silk,Shree Ram textiles,237.55,339.85,335,190,Seasonal
2016-12-24,T-shirt,Cotton,Emco textiles,401.45,533.75,88,20,Casual
2020-08-07,T-shirt,Polyester,Sri Lakshmi silks,734.57,1087.53,163,159,Festive
2021-12-26,Skirt,Wool,Shree Ram textiles,478.04,592.38,343,48,Festive
2019-06-30,Saree,Polyester,Emco textiles,516.61,656.51,175,153,Workwear
2020-08-22,Blouse piece,Cotton,Sri Lakshmi silks,306.2,401.43,125,177,Seasonal
2018-03-30,Churidhar,Wool,Shree fabrics,693.73,843.48,41,30,Formal
2019-05-25,T-shirt,Cotton,Vasanth textiles,344.09,488.78,323,79,Formal
2018-08-27,Jacket,Cotton,Sri Lakshmi silks,731.51,1065.82,499,58,Seasonal
2021-10-14,Skirt,Linen,Shree Ram textiles,521.33,588.45,30,182,Festive
2019-09-23,Jacket,Linen,Vasanth textiles,47.19,57.88,364,101,Formal
2016-11-03,Blouse piece,Cotton,Shree Ram textiles,948.1,1084.2,334,63,Formal
2019-09-06,Shirt,Silk,Shree fabrics,394.45,473.36,165,74,Workwear
2020-02-20,Shirt,Silk,Vasanth textiles,725.56,821.06,302,111,Seasonal
2016-02-03,Skirt,Wool,Shree fabrics,233.59,307.65,224,125,Seasonal
2016-03-12,Blouse piece,Polyester,Vasanth textiles,83.4,124.55,41,59,Festive
2017-09-28,T-shirt,Silk,Sri Lakshmi silks,511.3,618.0,311,169,Formal
2022-03-02,Saree,Polyester,Shree Ram textiles,840.15,1076.11,35,169,Festive
2020-03-05,Shirt,Cotton,Emco textiles,908.48,1086.97,204,196,Festive
2016-07-10,Lungi,Polyester,Shree Ram textiles,469.38,577.7,121,35,Seasonal
2022-08-13,Pants,Silk,Shree Ram textiles,621.85,753.94,291,39,Seasonal
2017-03-22,Cotton saree,Wool,Shree Ram textiles,921.31,1022.36,461,53,Formal
2022-01-13,T-shirt,Polyester,Shree Ram textiles,524.27,710.62,197,17,Festive
2022-04-03,Pants,Silk,Shree fabrics,957.05,1070.54,360,189,Festive
2022-04-18,Blouse piece,Wool,Emco textiles,480.22,641.11,82,56,Festive
2020-10-19,Lungi,Linen,Sri Lakshmi silks,194.73,261.25,431,51,Casual
2019-12-24,Skirt,Linen,Shree Ram textiles,624.01,758.97,463,157,Workwear
2020-06-12,Saree,Silk,Shree Ram textiles,22.52,27.01,354,141,Workwear
2016-12-28,Pants,Wool,Shree Ram textiles,915.38,1333.71,446,168,Workwear
2020-05-02,Churidhar,Wool,Shree Ram textiles,996.52,1108.28,58,185,Festive
2021-04-26,Skirt,Silk,Vasanth textiles,85.34,112.84,437,130,Seasonal
2022-08-05,Pants,Linen,Shree Ram textiles,930.73,1239.8,74,112,Formal
2017-10-13,Pants,Polyester,Vasanth textiles,413.99,482.58,103,112,Seasonal
2019-08-18,Saree,Silk,Emco textiles,947.89,1201.43,367,118,Workwear
2020-11-01,Lungi,Polyester,Emco textiles,577.82,722.93,278,167,Formal
2019-10-26,Cotton saree,Silk,Sri Lakshmi silks,782.62,972.87,270,184,Workwear
2018-01-27,Skirt,Polyester,Sri Lakshmi silks,510.87,652.0,79,171,Festive
2017-07-01,Lungi,Cotton,Shree fabrics,837.57,1212.3,175,65,Casual
2017-04-14,Jacket,Wool,Shree fabrics,331.64,403.34,322,162,Festive
2018-12-28,Shirt,Silk,Vasanth textiles,615.92,898.24,336,27,Casual
2017-07-19,Jacket,Wool,Shree Ram textiles,958.44,1226.06,250,79,Festive
2021-10-20,Jacket,Polyester,Emco textiles,430.64,603.41,273,46,Seasonal
2018-05-03,Cotton saree,Silk,Emco textiles,41.72,54.22,27,130,Workwear
2019-09-06,Pants,Linen,Shree Ram textiles,861.14,1232.53,285,137,Workwear
2021-03-27,Blouse piece,Linen,Emco textiles,768.4,1136.56,219,183,Seasonal
2017-05-14,Cotton saree,Polyester,Emco textiles,706.86,974.68,218,111,Festive
2020-04-30,Pants,Linen,Shree Ram textiles,694.22,925.58,381,43,Festive
2020-09-23,Shirt,Polyester,Vasanth textiles,642.4,846.91,376,179,Seasonal
2018-08-17,T-shirt,Cotton,Shree Ram textiles,696.36,940.53,261,124,Seasonal
2021-09-23,Churidhar,Wool,Shree fabrics,910.25,1296.62,277,65,Casual
2020-10-12,T-shirt,Polyester,Shree Ram textiles,152.22,182.01,219,196,Formal
2020-06-07,Skirt,Linen,Vasanth textiles,465.47,518.84,72,158,Formal
2020-03-30,Lungi,Wool,Sri Lakshmi silks,603.85,888.47,337,184,Seasonal
2019-10-13,Churidhar,Polyester,Emco textiles,213.64,311.55,46,77,Casual
2018-04-01,Shirt,Cotton,Vasanth textiles,335.41,375.26,493,42,Workwear
2017-01-17,Cotton saree,Polyester,Vasanth textiles,421.59,464.27,471,116,Workwear
2020-01-04,Jacket,Cotton,Vasanth textiles,937.22,1262.39,284,30,Casual
2018-02-16,T-shirt,Polyester,Emco textiles,645.21,737.9,25,52,Seasonal
2018-06-29,Blouse piece,Wool,Vasanth textiles,639.65,795.01,116,119,Casual
2020-06-08,Churidhar,Linen,Shree fabrics,887.62,1089.82,93,169,Festive
2022-06-03,Shirt,Silk,Emco textiles,881.17,1118.71,491,131,Seasonal
2019-01-05,Lungi,Silk,Shree fabrics,897.29,1146.81,376,44,Festive
2020-05-08,Lungi,Silk,Emco textiles,141.54,161.9,85,24,Seasonal
2017-05-01,Skirt,Cotton,Emco textiles,799.24,1119.8,115,79,Formal
2021-03-07,Blouse piece,Silk,Vasanth textiles,575.73,680.1,236,66,Seasonal
2017-06-05,Shirt,Wool,Shree Ram textiles,700.53,858.5,40,62,Workwear
2020-06-08,T-shirt,Linen,Shree Ram textiles,948.82,1356.07,460,157,Festive
2021-06-15,Churidhar,Wool,Sri Lakshmi silks,396.13,510.84,242,150,Formal
2020-11-03,Cotton saree,Polyester,Sri Lakshmi silks,909.13,1092.85,192,113,Workwear
2022-10-31,T-shirt,Polyester,Vasanth textiles,763.22,888.35,96,180,Formal
2021-04-11,Skirt,Silk,Vasanth textiles,67.42,99.46,20,196,Seasonal
2021-03-24,Blouse piece,Silk,Shree Ram textiles,203.33,238.18,313,113,Festive
2021-02-19,Lungi,Polyester,Emco textiles,134.92,168.31,146,75,Casual
2016-12-16,Skirt,Silk,Vasanth textiles,277.84,408.41,102,191,Workwear
2018-07-20,Skirt,Wool,Shree Ram textiles,530.35,779.83,345,164,Formal
2022-03-18,Cotton saree,Cotton,Shree Ram textiles,920.64,1221.36,303,91,Formal
2022-03-21,Lungi,Wool,Sri Lakshmi silks,869.68,1088.04,313,47,Formal
2016-05-26,Pants,Silk,Vasanth textiles,949.8,1310.3,481,134,Seasonal
2017-03-12,Lungi,Wool,Emco textiles,398.97,539.37,420,48,Formal
2016-11-29,Churidhar,Wool,Sri Lakshmi silks,96.65,115.78,56,34,Casual
2019-08-21,Shirt,Cotton,Vasanth textiles,834.09,1062.67,52,48,Workwear
2018-11-08,Pants,Wool,Sri Lakshmi silks,351.73,394.47,115,82,Casual
2019-09-22,Lungi,Silk,Shree fabrics,923.26,1227.68,174,120,Formal
2021-01-04,Shirt,Cotton,Vasanth textiles,649.73,743.78,180,40,Seasonal
2020-06-15,Lungi,Silk,Shree fabrics,713.51,831.4,48,163,Festive
2021-02-16,Cotton saree,Silk,Sri Lakshmi silks,66.41,98.76,120,181,Casual
2020-11-29,Jacket,Polyester,Shree fabrics,965.43,1176.14,393,153,Formal
2016-06-10,Shirt,Silk,Shree Ram textiles,757.42,1008.21,196,42,Formal
2022-04-11,Shirt,Polyester,Emco textiles,862.02,1257.76,447,101,Workwear
2019-10-27,Shirt,Wool,Emco textiles,328.09,472.59,458,130,Casual
2017-03-28,Jacket,Polyester,Shree Ram textiles,638.55,943.74,192,1,Festive
2021-04-17,Cotton saree,Cotton,Shree fabrics,423.44,498.53,484,174,Workwear
2018-06-15,Churidhar,Wool,Shree fabrics,812.0,912.82,58,70,Workwear
2021-03-08,Blouse piece,Wool,Sri Lakshmi silks,885.43,1181.05,251,22,Festive
2017-07-15,Saree,Wool,Emco textiles,648.77,898.5,297,148,Formal
2017-12-04,Shirt,Linen,Shree fabrics,708.55,821.54,196,139,Workwear
2017-04-17,T-shirt,Cotton,Emco textiles,754.65,1080.77,281,80,Formal
2020-11-29,Pants,Cotton,Sri Lakshmi silks,629.87,780.01,298,111,Workwear
2016-12-30,Pants,Cotton,Emco textiles,422.91,495.36,499,123,Workwear
2022-05-18,Jacket,Linen,Vasanth textiles,316.2,395.97,13,145,Casual
2018-04-26,T-shirt,Silk,Shree fabrics,42.57,53.62,419,160,Formal
2017-10-14,Pants,Silk,Vasanth textiles,652.53,840.72,100,21,Casual
2022-09-16,Skirt,Wool,Vasanth textiles,632.08,905.1,78,10,Casual
2017-07-06,Saree,Cotton,Emco textiles,380.59,509.45,97,55,Workwear
2016-02-03,Churidhar,Cotton,Shree Ram textiles,26.93,30.98,63,78,Formal
2016-12-03,Cotton saree,Silk,Emco textiles,950.1,1089.39,110,162,Formal
2020-03-09,Churidhar,Wool,Shree Ram textiles,874.76,1112.75,103,1,Festive
2017-11-22,Skirt,Cotton,Sri Lakshmi silks,295.78,402.75,62,10,Casual
2021-04-12,Jacket,Linen,Emco textiles,143.03,210.6,161,114,Casual
2019-06-06,Pants,Linen,Sri Lakshmi silks,397.12,561.18,495,100,Festive
2021-06-02,Saree,Polyester,Sri Lakshmi silks,38.74,45.8,130,57,Festive
2021-08-26,Shirt,Cotton,Shree Ram textiles,881.24,1099.17,447,20,Formal
2017-03-22,Saree,Wool,Emco textiles,674.95,857.93,235,144,Festive
2019-01-28,Blouse piece,Wool,Sri Lakshmi silks,739.42,1012.34,367,111,Seasonal
2017-11-28,Jacket,Silk,Sri Lakshmi silks,670.91,771.94,51,199,Casual
2022-08-10,Saree,Wool,Emco textiles,736.28,1085.47,208,24,Festive
2018-01-29,Skirt,Cotton,Sri Lakshmi silks,807.09,1115.82,419,78,Festive
2020-11-30,T-shirt,Polyester,Emco textiles,884.8,980.55,189,80,Workwear
2018-11-16,T-shirt,Linen,Shree Ram textiles,400.52,560.43,18,97,Festive
2017-08-15,Saree,Wool,Sri Lakshmi silks,784.06,1023.03,440,197,Workwear
2017-03-20,Pants,Silk,Emco textiles,146.23,169.45,439,152,Seasonal
2021-03-23,Jacket,Silk,Sri Lakshmi silks,61.75,87.38,52,11,Workwear
2022-07-21,Blouse piece,Silk,Emco textiles,978.45,1151.87,47,196,Festive
2021-05-05,Saree,Silk,Emco textiles,513.27,687.0,124,98,Casual
2019-08-04,Cotton saree,Cotton,Shree Ram textiles,751.63,867.47,320,182,Seasonal
2017-10-31,Jacket,Linen,Emco textiles,370.28,444.7,285,141,Seasonal
2022-11-03,T-shirt,Silk,Emco textiles,445.51,604.04,288,150,Casual
2016-08-07,Cotton saree,Polyester,Vasanth textiles,157.73,185.28,103,137,Formal
2021-01-02,Cotton saree,Cotton,Sri Lakshmi silks,958.69,1363.33,303,115,Seasonal
2016-07-29,Churidhar,Cotton,Vasanth textiles,505.97,563.91,467,154,Festive
2022-02-28,Cotton saree,Wool,Sri Lakshmi silks,62.79,80.61,330,93,Formal
2021-06-19,Blouse piece,Polyester,Vasanth textiles,65.7,80.32,419,150,Festive
2021-05-16,Churidhar,Wool,Shree Ram textiles,980.23,1354.72,54,15,Formal
2018-05-14,Cotton saree,Wool,Shree Ram textiles,815.57,915.63,189,18,Casual
2021-05-30,Churidhar,Cotton,Emco textiles,116.48,135.93,122,53,Casual
2020-08-07,Blouse piece,Polyester,Sri Lakshmi silks,927.96,1291.59,117,142,Seasonal
2019-12-28,Shirt,Cotton,Vasanth textiles,45.1,55.94,498,172,Formal
2018-06-06,Cotton saree,Cotton,Vasanth textiles,145.35,212.53,310,24,Casual
2022-10-24,Shirt,Cotton,Emco textiles,724.6,984.88,74,109,Workwear
2019-04-03,T-shirt,Wool,Shree fabrics,265.74,302.18,69,65,Formal
2019-10-27,Saree,Polyester,Shree fabrics,761.41,934.41,147,118,Festive
2016-06-05,Pants,Cotton,Emco textiles,784.36,1037.58,97,86,Festive
2019-01-17,Pants,Polyester,Shree fabrics,376.43,511.98,424,117,Festive
2018-02-13,Saree,Linen,Sri Lakshmi silks,471.33,652.17,137,36,Workwear
2022-03-22,Shirt,Wool,Sri Lakshmi silks,890.72,1200.55,239,51,Casual
2019-04-08,T-shirt,Polyester,Shree Ram textiles,986.0,1106.94,183,42,Workwear
2019-04-23,Blouse piece,Wool,Emco textiles,353.68,478.58,317,180,Formal
2018-11-24,Cotton saree,Cotton,Vasanth textiles,800.79,965.0,89,17,Seasonal
2018-11-05,Lungi,Polyester,Shree Ram textiles,864.28,1173.09,465,18,Casual
2018-11-11,Shirt,Cotton,Sri Lakshmi silks,366.0,404.46,337,136,Workwear
2018-01-17,Saree,Wool,Shree Ram textiles,442.57,487.23,474,192,Seasonal
2022-05-08,Jacket,Silk,Shree fabrics,494.47,588.36,447,110,Seasonal
2020-09-01,Shirt,Linen,Shree fabrics,503.24,582.49,77,36,Formal
2017-08-04,Skirt,Wool,Emco textiles,630.75,778.2,130,183,Casual
2017-06-16,Lungi,Silk,Shree fabrics,478.02,605.26,73,193,Formal
2022-10-30,Skirt,Linen,Vasanth textiles,183.59,215.15,441,185,Festive
2019-05-26,Churidhar,Polyester,Shree Ram textiles,826.76,1020.3,80,135,Formal
2016-03-18,Shirt,Silk,Shree fabrics,102.36,119.71,397,147,Seasonal
2018-06-03,Saree,Polyester,Emco textiles,905.22,1023.11,66,131,Festive
2017-09-11,Jacket,Linen,Emco textiles,696.13,883.38,68,199,Seasonal
2017-11-15,Blouse piece,Cotton,Shree fabrics,937.9,1156.52,280,71,Casual
2021-11-17,Blouse piece,Silk,Shree fabrics,134.58,155.05,100,116,Formal
2022-06-03,Blouse piece,Cotton,Shree fabrics,578.67,693.6,21,185,Seasonal
2020-09-18,Jacket,Linen,Sri Lakshmi silks,138.47,172.96,392,46,Seasonal
2016-04-10,Pants,Linen,Emco textiles,772.65,912.87,292,135,Seasonal
2019-09-02,Saree,Linen,Vasanth textiles,434.39,616.44,325,141,Casual
2019-08-06,Cotton saree,Silk,Vasanth textiles,222.51,295.38,121,55,Festive
2017-07-20,Blouse piece,Silk,Shree fabrics,859.0,998.98,127,73,Formal
2019-12-30,Jacket,Polyester,Vasanth textiles,603.04,690.24,84,97,Workwear
2018-03-13,Cotton saree,Cotton,Vasanth textiles,67.47,83.45,329,2,Seasonal
2018-12-13,Lungi,Silk,Vasanth textiles,430.44,512.59,272,54,Seasonal
2022-01-31,Pants,Linen,Sri Lakshmi silks,404.58,554.47,461,19,Casual
2022-03-19,T-shirt,Wool,Shree fabrics,465.65,685.14,415,110,Festive
2020-10-22,Blouse piece,Cotton,Vasanth textiles,871.39,1187.68,174,124,Festive
2022-08-19,Churidhar,Silk,Sri Lakshmi silks,735.42,984.74,116,131,Formal
2020-08-06,Lungi,Polyester,Shree fabrics,661.33,898.33,197,23,Formal
2020-01-07,T-shirt,Wool,Vasanth textiles,527.71,627.71,210,69,Seasonal
2018-06-19,T-shirt,Cotton,Emco textiles,906.37,1324.49,80,71,Festive
2021-10-07,Blouse piece,Wool,Shree Ram textiles,724.64,1041.51,139,150,Seasonal
2016-08-10,T-shirt,Silk,Shree Ram textiles,725.08,938.19,388,105,Festive
2019-03-20,Lungi,Linen,Sri Lakshmi silks,396.48,464.32,437,110,Workwear
2016-08-01,Churidhar,Polyester,Shree Ram textiles,886.78,1092.24,462,178,Festive
2020-05-24,Jacket,Polyester,Emco textiles,122.86,180.1,463,129,Casual
2018-12-22,Pants,Wool,Emco textiles,988.14,1347.02,244,78,Casual
2017-01-13,Churidhar,Linen,Shree fabrics,938.65,1254.23,391,124,Seasonal
2022-07-26,Lungi,Linen,Shree fabrics,324.86,465.4,47,187,Festive
2016-09-14,T-shirt,Cotton,Vasanth textiles,541.88,751.92,72,99,Formal
2016-11-13,T-shirt,Linen,Sri Lakshmi silks,748.58,833.02,107,26,Workwear
2019-10-23,Blouse piece,Silk,Emco textiles,579.01,858.01,484,80,Formal
2016-05-09,T-shirt,Polyester,Sri Lakshmi silks,153.9,222.46,347,51,Casual
2017-08-14,Shirt,Wool,Shree fabrics,345.58,413.98,429,92,Casual
2016-10-04,Shirt,Cotton,Shree Ram textiles,969.38,1188.67,215,150,Casual
2018-10-14,Churidhar,Silk,Vasanth textiles,865.68,975.04,223,157,Workwear
2018-08-06,Cotton saree,Cotton,Shree fabrics,613.17,832.08,157,117,Seasonal
2016-12-24,Churidhar,Cotton,Sri Lakshmi silks,957.35,1095.39,168,42,Formal
2016-02-09,Shirt,Polyester,Sri Lakshmi silks,897.34,1286.64,170,17,Seasonal
2017-07-24,Churidhar,Silk,Shree fabrics,879.61,1216.6,185,164,Festive
2021-08-24,Shirt,Silk,Vasanth textiles,147.59,170.61,417,46,Formal
2018-11-04,Shirt,Polyester,Emco textiles,581.77,766.73,489,197,Formal
2022-10-26,Saree,Silk,Sri Lakshmi silks,153.0,196.01,357,73,Festive
2018-02-17,Lungi,Linen,Shree Ram textiles,508.44,570.73,386,139,Festive
2016-05-03,Skirt,Silk,Vasanth textiles,445.59,584.16,132,59,Workwear
2017-02-10,Skirt,Cotton,Shree fabrics,862.6,1014.21,438,1,Festive
2016-08-12,Jacket,Polyester,Vasanth textiles,108.68,147.08,183,16,Formal
2020-02-16,Cotton saree,Silk,Sri Lakshmi silks,320.88,404.5,181,172,Formal
2022-03-06,Pants,Linen,Shree Ram textiles,683.46,1013.14,32,112,Casual
2021-04-17,Lungi,Silk,Shree Ram textiles,374.93,461.72,283,95,Festive
2022-11-10,Blouse piece,Silk,Sri Lakshmi silks,71.0,80.34,455,187,Festive
2022-08-29,T-shirt,Silk,Shree Ram textiles,61.05,76.42,207,59,Formal
2016-11-17,Saree,Silk,Vasanth textiles,345.65,397.58,288,17,Casual
2016-03-20,Cotton saree,Wool,Sri Lakshmi silks,827.71,1177.11,438,112,Festive
2021-03-17,Cotton saree,Wool,Vasanth textiles,743.75,1083.12,186,165,Seasonal
2021-09-16,Cotton saree,Cotton,Shree fabrics,709.24,908.73,65,114,Festive
2021-08-18,T-shirt,Polyester,Sri Lakshmi silks,710.0,1012.13,273,66,Festive
2022-04-06,Lungi,Linen,Shree Ram textiles,329.45,458.08,20,168,Seasonal
2021-10-12,Shirt,Silk,Sri Lakshmi silks,48.86,62.8,45,48,Workwear
2017-10-13,Churidhar,Linen,Sri Lakshmi silks,546.7,742.64,185,110,Seasonal
2019-05-17,Saree,Linen,Shree fabrics,340.81,442.65,308,76,Workwear
2021-03-09,Cotton saree,Linen,Shree fabrics,551.7,780.13,188,126,Casual
2021-03-03,Saree,Cotton,Shree Ram textiles,859.86,1284.34,440,76,Festive
2016-05-25,Lungi,Linen,Shree fabrics,73.0,94.24,270,14,Formal
2017-08-22,Cotton saree,Wool,Emco textiles,438.15,541.16,362,142,Seasonal
2018-12-08,Pants,Polyester,Emco textiles,987.27,1380.01,310,186,Casual
2021-03-08,Shirt,Cotton,Sri Lakshmi silks,163.96,226.12,114,73,Seasonal
2016-07-17,Skirt,Wool,Vasanth textiles,533.78,708.01,33,153,Festive
2022-01-05,T-shirt,Wool,Shree Ram textiles,836.04,955.68,118,94,Seasonal
2019-06-06,Skirt,Linen,Vasanth textiles,73.59,98.2,393,97,Festive
2020-08-10,Shirt,Silk,Shree fabrics,23.81,35.41,497,103,Workwear
2022-08-02,Pants,Cotton,Emco textiles,256.77,310.08,51,55,Casual
2020-12-03,Lungi,Linen,Vasanth textiles,570.31,695.95,389,145,Seasonal
2018-08-29,T-shirt,Wool,Emco textiles,583.04,829.6,289,43,Seasonal
2019-01-01,Lungi,Cotton,Emco textiles,647.5,922.59,241,155,Workwear
2019-10-21,Jacket,Wool,Vasanth textiles,482.7,575.17,433,73,Casual
2017-12-31,Churidhar,Polyester,Sri Lakshmi silks,694.71,1013.68,379,89,Festive
2019-07-16,Lungi,Cotton,Sri Lakshmi silks,902.27,1043.08,257,150,Workwear
2021-11-10,T-shirt,Silk,Emco textiles,201.17,227.81,140,57,Workwear
2018-11-04,Shirt,Silk,Shree Ram textiles,159.04,185.5,129,137,Festive
2020-02-06,T-shirt,Cotton,Emco textiles,946.67,1149.37,483,190,Festive
2022-07-30,Cotton saree,Linen,Shree Ram textiles,592.82,820.42,198,140,Workwear
2021-10-13,Skirt,Polyester,Shree fabrics,410.73,515.04,211,164,Formal
2022-10-28,Pants,Silk,Shree Ram textiles,596.24,776.75,393,147,Seasonal
2020-02-07,T-shirt,Silk,Emco textiles,737.54,1071.39,356,20,Workwear
2022-06-29,Cotton saree,Cotton,Vasanth textiles,804.8,953.82,489,19,Festive
2022-04-24,Lungi,Cotton,Sri Lakshmi silks,315.74,359.11,158,84,Casual
2019-04-22,Saree,Wool,Sri Lakshmi silks,585.42,824.93,345,162,Casual
2018-08-04,Lungi,Wool,Shree Ram textiles,488.98,644.57,158,147,Formal
2017-05-21,Shirt,Silk,Vasanth textiles,221.03,295.04,143,25,Casual
2020-06-22,Pants,Silk,Shree Ram textiles,914.08,1067.37,357,154,Festive
2018-07-31,Cotton saree,Linen,Sri Lakshmi silks,251.77,357.22,394,138,Formal
2019-11-01,Lungi,Wool,Emco textiles,948.81,1221.93,199,110,Workwear
2017-09-13,Shirt,Linen,Vasanth textiles,555.5,773.91,419,183,Festive
2016-03-29,Skirt,Polyester,Sri Lakshmi silks,414.32,481.39,118,160,Workwear
2018-05-15,T-shirt,Linen,Vasanth textiles,703.75,1042.59,428,96,Seasonal
2016-06-12,T-shirt,Wool,Sri Lakshmi silks,28.35,36.77,114,76,Casual
2018-11-17,Pants,Wool,Shree Ram textiles,388.91,557.85,247,4,Festive
2021-03-24,Saree,Cotton,Shree fabrics,758.89,1109.56,424,169,Workwear
2019-06-05,T-shirt,Silk,Shree Ram textiles,217.43,295.63,278,137,Festive
2022-02-10,Shirt,Wool,Shree Ram textiles,140.5,209.74,209,114,Festive
2018-02-17,Pants,Wool,Shree fabrics,602.91,881.32,362,148,Casual
2021-08-04,T-shirt,Cotton,Emco textiles,124.46,154.96,47,195,Festive
2019-05-23,Blouse piece,Silk,Sri Lakshmi silks,67.41,100.7,432,55,Casual
2020-04-26,Lungi,Silk,Shree Ram textiles,154.16,192.44,30,116,Formal
2019-04-06,Skirt,Polyester,Shree fabrics,883.36,1110.34,264,5,Workwear
2018-12-07,Skirt,Polyester,Emco textiles,228.33,276.0,30,4,Formal
2020-12-11,Blouse piece,Linen,Sri Lakshmi silks,253.36,319.37,313,177,Workwear
2020-05-11,Shirt,Wool,Sri Lakshmi silks,99.86,146.12,288,65,Seasonal
2020-12-16,Shirt,Polyester,Shree fabrics,502.34,700.33,349,74,Casual
2020-04-15,Pants,Wool,Vasanth textiles,200.28,293.28,174,155,Festive
2018-05-24,Pants,Silk,Emco textiles,31.27,45.11,310,71,Formal
2019-08-14,Jacket,Polyester,Shree fabrics,233.54,320.65,457,156,Formal
2020-08-09,Cotton saree,Linen,Emco textiles,216.21,239.95,297,101,Formal
2016-10-24,Lungi,Linen,Emco textiles,155.66,219.66,322,30,Seasonal
2021-09-20,T-shirt,Linen,Vasanth textiles,938.1,1150.28,395,39,Formal
2017-04-30,Shirt,Linen,Vasanth textiles,128.22,170.42,497,173,Workwear
2017-07-23,Churidhar,Linen,Shree Ram textiles,555.76,731.19,440,11,Formal
2022-01-21,Pants,Polyester,Sri Lakshmi silks,451.4,508.73,44,104,Formal
2021-03-27,Shirt,Wool,Sri Lakshmi silks,870.45,1033.53,494,145,Seasonal
2016-08-06,Skirt,Cotton,Sri Lakshmi silks,337.7,457.78,415,117,Festive
2018-01-31,T-shirt,Silk,Shree fabrics,254.7,325.09,130,20,Workwear
2019-06-22,Jacket,Silk,Shree fabrics,972.83,1248.57,155,143,Festive
2018-08-28,Cotton saree,Wool,Vasanth textiles,771.95,1080.22,61,31,Seasonal
2018-11-01,Shirt,Linen,Sri Lakshmi silks,296.23,361.58,203,148,Formal
2016-07-05,Churidhar,Polyester,Shree Ram textiles,781.24,1159.22,138,45,Festive
2020-03-04,Saree,Wool,Shree Ram textiles,831.82,1167.36,131,61,Seasonal
2019-03-29,Pants,Cotton,Emco textiles,552.63,611.19,449,144,Festive
2020-05-20,Cotton saree,Silk,Shree Ram textiles,680.04,753.44,190,75,Workwear
2020-11-09,Saree,Polyester,Shree Ram textiles,365.81,543.63,295,121,Formal
2016-12-02,Skirt,Linen,Emco textiles,542.42,796.98,140,146,Seasonal
2019-03-17,Blouse piece,Cotton,Shree Ram textiles,72.88,81.82,159,36,Workwear
2021-11-18,Skirt,Silk,Shree fabrics,932.96,1224.03,55,85,Workwear
2016-08-06,Lungi,Linen,Vasanth textiles,937.43,1172.89,491,160,Festive
2022-10-22,Jacket,Polyester,Sri Lakshmi silks,653.93,821.47,109,85,Festive
2016-10-05,Skirt,Cotton,Emco textiles,364.65,484.44,483,142,Festive
2022-05-13,Cotton saree,Linen,Emco textiles,548.45,676.3,106,41,Festive
2019-09-20,Skirt,Cotton,Shree fabrics,191.12,229.74,71,85,Seasonal
2017-04-24,Churidhar,Cotton,Vasanth textiles,325.91,448.16,110,171,Formal
2016-07-17,Pants,Polyester,Sri Lakshmi silks,42.57,52.79,269,56,Seasonal
2022-02-01,Shirt,Linen,Vasanth textiles,845.34,989.73,457,129,Casual
2020-12-01,Cotton saree,Polyester,Vasanth textiles,251.17,303.52,204,90,Festive
2020-02-07,Pants,Cotton,Sri Lakshmi silks,38.33,47.97,51,191,Festive
2017-08-02,Churidhar,Polyester,Vasanth textiles,256.3,372.2,209,84,Seasonal
2022-04-01,Pants,Polyester,Emco textiles,243.96,355.87,388,185,Festive
2022-03-13,Saree,Polyester,Sri Lakshmi silks,570.93,654.75,232,24,Seasonal
2021-07-17,Cotton saree,Linen,Shree Ram textiles,535.47,750.2,149,117,Seasonal
2022-03-08,T-shirt,Polyester,Shree fabrics,594.73,800.33,357,109,Seasonal
2021-05-01,T-shirt,Linen,Sri Lakshmi silks,667.89,915.1,208,106,Casual
2022-08-08,Churidhar,Silk,Vasanth textiles,461.69,628.77,339,177,Seasonal
2021-04-07,Blouse piece,Silk,Emco textiles,403.56,452.61,294,88,Workwear
2019-08-05,Blouse piece,Linen,Emco textiles,376.07,534.27,431,164,Festive
2019-06-02,Cotton saree,Wool,Emco textiles,172.15,236.94,481,175,Workwear
2017-02-28,Jacket,Cotton,Shree Ram textiles,953.35,1397.09,229,106,Festive
2019-06-08,Lungi,Linen,Shree fabrics,794.93,950.76,333,132,Casual
2022-04-03,Blouse piece,Linen,Shree Ram textiles,406.52,469.91,280,119,Festive
2017-07-19,T-shirt,Linen,Sri Lakshmi silks,506.22,633.27,104,98,Festive
2017-06-26,Jacket,Wool,Vasanth textiles,812.57,922.26,75,42,Workwear
2016-12-26,Skirt,Cotton,Shree Ram textiles,53.43,68.09,454,98,Seasonal
2019-02-22,T-shirt,Cotton,Shree fabrics,752.17,1072.43,72,179,Formal
2021-01-21,Churidhar,Linen,Emco textiles,545.95,689.22,154,195,Workwear
2020-03-02,Blouse piece,Polyester,Emco textiles,777.58,1030.03,164,128,Formal
2021-06-24,Churidhar,Wool,Sri Lakshmi silks,931.35,1147.13,378,140,Seasonal
2016-11-19,Churidhar,Polyester,Sri Lakshmi silks,763.97,902.61,274,64,Casual
2017-10-03,Blouse piece,Polyester,Shree fabrics,879.57,1082.79,415,85,Formal
2018-09-19,T-shirt,Linen,Vasanth textiles,979.25,1151.6,55,16,Workwear
2019-05-29,Saree,Linen,Emco textiles,633.41,929.61,358,17,Casual
2021-07-17,Cotton saree,Wool,Shree fabrics,130.18,152.75,384,128,Festive
2019-01-03,Saree,Wool,Sri Lakshmi silks,972.33,1137.49,18,126,Festive
2021-03-15,Churidhar,Wool,Emco textiles,196.36,237.71,33,62,Festive
2020-01-07,Blouse piece,Wool,Vasanth textiles,984.55,1281.33,400,51,Seasonal
2016-09-22,Saree,Polyester,Vasanth textiles,615.32,897.2,345,80,Formal
2021-05-06,Shirt,Linen,Emco textiles,641.23,922.25,45,101,Formal
2019-08-12,Churidhar,Linen,Shree Ram textiles,133.97,196.68,51,100,Formal
2017-03-26,Churidhar,Polyester,Shree Ram textiles,240.83,356.02,430,164,Workwear
2022-09-14,Pants,Polyester,Shree fabrics,186.08,265.94,309,25,Casual
2022-07-19,Shirt,Linen,Vasanth textiles,492.38,613.98,280,107,Casual
2018-03-24,Cotton saree,Silk,Vasanth textiles,890.11,1272.91,381,150,Formal
2020-10-19,Saree,Wool,Shree Ram textiles,921.69,1182.38,354,3,Formal
2021-03-15,Skirt,Cotton,Sri Lakshmi silks,666.82,736.88,141,20,Seasonal
2022-02-25,Lungi,Polyester,Shree Ram textiles,827.49,1169.91,24,103,Casual
2018-08-17,Cotton saree,Linen,Shree fabrics,181.14,261.28,187,192,Seasonal
2019-05-17,Churidhar,Wool,Shree fabrics,917.8,1049.28,495,49,Festive
2020-01-16,Shirt,Polyester,Shree Ram textiles,984.08,1158.16,152,186,Formal
2020-03-13,Skirt,Polyester,Shree Ram textiles,399.48,580.57,427,1,Formal
2016-08-17,Churidhar,Wool,Shree Ram textiles,742.23,1074.41,135,113,Festive
2019-02-21,Blouse piece,Linen,Sri Lakshmi silks,998.5,1257.58,270,142,Festive
2022-02-27,Shirt,Polyester,Emco textiles,286.71,360.23,463,66,Festive
2017-06-21,Blouse piece,Cotton,Emco textiles,698.37,883.6,147,154,Casual
2022-08-24,Cotton saree,Linen,Shree fabrics,240.69,267.14,298,121,Formal
2017-10-30,Shirt,Polyester,Shree fabrics,873.38,1204.64,24,83,Casual
2018-06-25,Blouse piece,Silk,Sri Lakshmi silks,548.76,770.92,178,109,Festive
2021-05-02,Blouse piece,Cotton,Emco textiles,408.5,533.2,378,99,Formal
2020-04-24,Jacket,Cotton,Vasanth textiles,602.91,829.51,193,36,Workwear
2019-01-23,Skirt,Wool,Sri Lakshmi silks,836.6,971.94,229,32,Festive
2020-06-18,Pants,Cotton,Shree Ram textiles,744.94,1047.33,116,146,Formal
2016-08-08,T-shirt,Silk,Sri Lakshmi silks,416.9,557.92,476,136,Formal
2021-09-30,Jacket,Linen,Vasanth textiles,603.37,863.61,136,7,Festive
2016-07-12,Cotton saree,Polyester,Shree fabrics,308.09,351.45,376,162,Workwear
2022-10-01,Saree,Silk,Shree fabrics,989.51,1328.5,56,3,Casual
2018-12-23,Cotton saree,Silk,Shree Ram textiles,583.85,783.83,421,35,Seasonal
2020-09-05,Lungi,Cotton,Emco textiles,153.02,177.8,361,2,Workwear
2021-01-09,Churidhar,Cotton,Sri Lakshmi silks,868.58,1242.68,208,35,Seasonal
2020-06-27,Shirt,Silk,Vasanth textiles,912.5,1183.72,478,5,Festive
2018-06-15,Pants,Silk,Shree Ram textiles,287.79,340.93,209,152,Seasonal
2016-12-13,Blouse piece,Silk,Shree Ram textiles,811.28,1008.45,483,27,Festive
2020-04-30,Pants,Linen,Emco textiles,524.61,707.6,315,35,Casual
2016-07-31,Saree,Cotton,Shree Ram textiles,383.09,522.89,165,22,Casual
2018-09-08,Skirt,Cotton,Emco textiles,832.64,1180.74,108,193,Seasonal
2022-07-26,Blouse piece,Cotton,Emco textiles,663.6,804.26,422,28,Workwear
2021-08-05,Saree,Linen,Vasanth textiles,273.21,308.98,79,177,Workwear
2022-04-29,T-shirt,Polyester,Shree Ram textiles,60.12,69.44,192,55,Casual
2020-09-06,Lungi,Linen,Emco textiles,55.65,81.57,232,5,Workwear
2021-03-29,Skirt,Silk,Shree Ram textiles,879.44,1007.38,344,125,Formal
2020-02-25,Jacket,Cotton,Vasanth textiles,422.28,574.48,180,39,Seasonal
2020-09-09,Jacket,Polyester,Emco textiles,64.09,90.14,341,29,Casual
2018-11-04,Blouse piece,Cotton,Emco textiles,206.39,277.78,115,42,Formal
2017-12-04,T-shirt,Cotton,Emco textiles,958.89,1124.69,107,1,Casual
2021-02-28,Jacket,Silk,Vasanth textiles,101.74,142.19,274,146,Casual
2017-11-12,Churidhar,Wool,Emco textiles,750.27,1012.55,349,130,Festive
2017-01-02,Lungi,Silk,Shree Ram textiles,131.56,182.4,46,111,Workwear
2016-02-20,Cotton saree,Wool,Vasanth textiles,206.41,286.57,451,200,Seasonal
2019-02-18,Blouse piece,Cotton,Emco textiles,640.75,936.05,458,185,Formal
2020-10-15,T-shirt,Polyester,Shree fabrics,678.11,844.83,459,112,Festive
2021-11-26,Lungi,Wool,Shree Ram textiles,605.08,744.37,450,58,Casual
2022-06-30,Churidhar,Wool,Vasanth textiles,316.06,445.48,201,152,Seasonal
2016-11-06,Saree,Wool,Shree fabrics,477.01,674.4,256,183,Formal
2019-08-17,Saree,Silk,Shree Ram textiles,895.18,1025.48,204,181,Festive
2017-05-05,Skirt,Linen,Emco textiles,345.48,410.96,312,132,Formal
2019-10-02,Shirt,Silk,Vasanth textiles,720.9,863.37,37,71,Seasonal
2018-12-09,T-shirt,Silk,Shree Ram textiles,185.68,248.39,374,148,Casual
2017-08-03,Pants,Polyester,Shree Ram textiles,844.36,948.78,129,24,Seasonal
2017-06-02,Skirt,Silk,Shree fabrics,881.98,1288.23,231,168,Formal
2022-05-31,Pants,Polyester,Sri Lakshmi silks,674.6,859.51,251,88,Workwear
2022-04-01,Churidhar,Linen,Shree Ram textiles,300.87,365.25,390,150,Workwear
2016-02-21,Lungi,Cotton,Shree fabrics,858.97,1285.01,125,127,Seasonal
2019-08-25,Skirt,Silk,Shree Ram textiles,477.64,545.94,291,3,Seasonal
2022-02-03,Churidhar,Cotton,Vasanth textiles,331.74,436.29,324,155,Casual
2022-09-09,Skirt,Cotton,Emco textiles,605.33,730.26,68,131,Workwear
2018-06-21,T-shirt,Polyester,Sri Lakshmi silks,58.99,78.17,168,199,Formal
2019-09-27,Saree,Cotton,Vasanth textiles,661.97,797.18,144,129,Workwear
2017-12-19,Blouse piece,Linen,Emco textiles,995.84,1349.82,276,47,Workwear
2017-04-19,T-shirt,Polyester,Vasanth textiles,881.77,1203.42,359,144,Formal
2021-06-05,Blouse piece,Polyester,Shree fabrics,945.38,1197.31,459,14,Casual
2020-01-01,Skirt,Linen,Shree fabrics,558.75,693.5,383,93,Formal
2019-10-28,Shirt,Cotton,Shree Ram textiles,540.33,610.19,55,82,Casual
2021-06-20,Cotton saree,Wool,Sri Lakshmi silks,213.92,246.22,498,50,Workwear
2016-05-16,Saree,Wool,Vasanth textiles,956.7,1363.88,270,183,Casual
2016-11-12,Shirt,Linen,Emco textiles,843.57,1205.52,445,149,Formal
2022-01-30,Cotton saree,Cotton,Shree fabrics,657.67,846.08,120,76,Casual
2018-02-01,Cotton saree,Polyester,Shree Ram textiles,568.49,635.12,69,176,Workwear
2016-02-21,T-shirt,Wool,Vasanth textiles,695.28,895.83,425,166,Casual
2020-05-01,Shirt,Wool,Shree Ram textiles,569.14,706.22,437,123,Festive
2019-06-24,Cotton saree,Linen,Shree fabrics,466.34,648.95,349,61,Formal
2022-03-28,Skirt,Wool,Shree fabrics,958.99,1412.0,259,85,Workwear
2016-10-08,Saree,Silk,Shree Ram textiles,868.14,1071.82,64,9,Casual
2020-11-14,Cotton saree,Wool,Vasanth textiles,370.22,499.17,113,121,Formal
2017-05-10,T-shirt,Polyester,Sri Lakshmi silks,612.85,743.78,37,163,Seasonal
2022-06-23,Jacket,Polyester,Shree Ram textiles,896.01,1258.95,303,77,Workwear
2021-10-11,Jacket,Polyester,Shree fabrics,975.11,1194.58,94,48,Seasonal
2019-03-24,T-shirt,Linen,Shree fabrics,896.2,1096.12,135,8,Workwear
2016-11-25,Lungi,Linen,Sri Lakshmi silks,295.86,425.39,42,116,Formal
2022-01-26,Churidhar,Linen,Sri Lakshmi silks,149.5,203.29,392,195,Workwear
2020-12-02,Blouse piece,Silk,Emco textiles,428.25,556.31,179,150,Festive
2021-11-25,Pants,Cotton,Shree Ram textiles,518.33,764.76,457,103,Seasonal
2019-07-29,Jacket,Cotton,Sri Lakshmi silks,755.01,897.19,38,17,Casual
2017-04-25,Churidhar,Cotton,Shree fabrics,774.41,1120.83,128,19,Seasonal
2021-02-16,Blouse piece,Cotton,Emco textiles,505.62,591.26,158,58,Festive
2021-12-31,Skirt,Wool,Emco textiles,137.57,170.96,482,190,Casual
2020-08-30,Saree,Linen,Sri Lakshmi silks,580.58,667.61,482,193,Festive
2017-05-27,Cotton saree,Wool,Shree fabrics,98.7,118.17,397,104,Workwear
2019-08-31,Saree,Wool,Emco textiles,122.72,147.18,102,82,Workwear
2017-07-24,Saree,Cotton,Vasanth textiles,361.91,420.46,414,26,Casual
2018-01-16,Skirt,Cotton,Shree Ram textiles,134.86,153.85,230,76,Workwear
2022-06-03,Churidhar,Linen,Shree Ram textiles,662.59,753.86,344,56,Casual
2020-12-09,Shirt,Wool,Vasanth textiles,785.68,1118.47,280,87,Workwear
2018-08-13,Saree,Silk,Emco textiles,520.84,756.45,371,64,Formal
2016-11-01,Blouse piece,Silk,Shree Ram textiles,587.83,731.41,344,95,Workwear
2016-11-12,Jacket,Linen,Emco textiles,343.6,456.79,30,81,Formal
2018-03-17,Jacket,Cotton,Emco textiles,520.77,577.18,361,74,Workwear
2017-03-30,Shirt,Wool,Vasanth textiles,575.74,688.25,116,166,Seasonal
2022-05-17,Cotton saree,Silk,Sri Lakshmi silks,530.98,641.46,442,53,Formal
2018-11-07,Saree,Silk,Shree Ram textiles,319.66,452.57,142,83,Festive
2021-03-17,Jacket,Polyester,Sri Lakshmi silks,798.67,1010.09,68,139,Formal
2021-08-29,Pants,Linen,Shree Ram textiles,346.51,467.47,320,126,Casual
2020-09-07,Blouse piece,Polyester,Shree Ram textiles,612.84,736.77,480,54,Formal
2016-10-11,Cotton saree,Linen,Vasanth textiles,162.54,193.63,388,28,Seasonal
2021-03-17,Skirt,Linen,Shree fabrics,684.61,947.25,325,123,Formal
2022-08-14,Blouse piece,Linen,Vasanth textiles,101.04,139.35,151,110,Seasonal
2017-08-10,Churidhar,Silk,Emco textiles,706.16,876.09,230,82,Workwear
2016-02-26,T-shirt,Linen,Shree Ram textiles,643.34,893.33,345,73,Workwear
2022-07-04,Churidhar,Linen,Vasanth textiles,269.1,322.12,64,25,Seasonal
2017-09-11,T-shirt,Linen,Emco textiles,813.3,1040.78,143,103,Formal
2021-08-31,Blouse piece,Wool,Vasanth textiles,315.25,469.39,301,37,Festive
2020-05-27,Pants,Linen,Vasanth textiles,871.53,1175.07,99,17,Formal
2019-02-18,T-shirt,Silk,Emco textiles,640.32,845.15,116,30,Seasonal
2022-01-08,Saree,Cotton,Shree Ram textiles,311.62,437.11,368,111,Seasonal
2020-04-23,Saree,Cotton,Emco textiles,918.13,1048.09,440,90,Festive
2020-08-28,Saree,Wool,Shree fabrics,937.98,1162.6,36,27,Formal
2021-01-21,Shirt,Linen,Vasanth textiles,761.24,871.87,271,109,Workwear
2019-02-27,Saree,Wool,Sri Lakshmi silks,267.75,318.99,184,78,Formal
2018-02-18,Churidhar,Wool,Shree Ram textiles,246.31,299.92,260,114,Formal
2017-11-06,Saree,Polyester,Shree Ram textiles,250.89,301.27,400,136,Seasonal
2018-11-17,Pants,Silk,Shree Ram textiles,573.77,726.71,296,39,Casual
2021-03-17,Pants,Linen,Vasanth textiles,994.93,1296.09,313,58,Festive
2017-01-09,T-shirt,Wool,Shree Ram textiles,248.37,290.06,239,49,Workwear
2018-10-24,Pants,Cotton,Shree Ram textiles,811.42,1101.4,418,23,Workwear
2017-05-14,Lungi,Wool,Emco textiles,80.83,121.11,224,163,Seasonal
2018-12-17,Shirt,Wool,Shree Ram textiles,209.41,295.39,322,139,Formal
2021-06-16,T-shirt,Wool,Shree Ram textiles,622.99,835.84,51,177,Seasonal
2019-11-02,T-shirt,Silk,Sri Lakshmi silks,822.57,1047.53,462,6,Seasonal
2022-02-10,Skirt,Silk,Shree fabrics,825.83,953.55,374,23,Seasonal
2020-01-31,T-shirt,Cotton,Sri Lakshmi silks,225.99,314.82,401,121,Festive
2018-02-21,Blouse piece,Cotton,Shree fabrics,343.67,467.47,272,105,Festive
2021-05-30,Shirt,Silk,Vasanth textiles,287.98,339.84,466,63,Seasonal
2016-10-09,Blouse piece,Linen,Shree fabrics,887.74,1290.83,432,94,Workwear
2018-03-12,Shirt,Wool,Shree fabrics,72.61,104.98,206,70,Festive
2019-03-14,Shirt,Polyester,Vasanth textiles,868.52,1173.14,85,191,Workwear
2018-08-30,Shirt,Silk,Sri Lakshmi silks,667.67,758.4,472,173,Workwear
2017-06-04,Lungi,Wool,Sri Lakshmi silks,648.19,719.55,254,136,Seasonal
2018-07-12,Churidhar,Silk,Shree fabrics,574.37,843.58,313,106,Formal
2022-10-30,Skirt,Silk,Shree Ram textiles,297.25,428.78,134,108,Seasonal
2016-06-10,Cotton saree,Silk,Vasanth textiles,651.6,911.95,235,139,Festive
2017-06-06,Lungi,Cotton,Vasanth textiles,528.76,715.02,319,18,Festive
2017-04-17,Cotton saree,Polyester,Shree Ram textiles,892.14,1095.59,253,69,Workwear
2021-08-14,Jacket,Cotton,Shree fabrics,183.23,206.74,105,44,Seasonal
2017-01-14,Churidhar,Cotton,Shree Ram textiles,34.58,45.08,393,135,Workwear
2016-12-13,Jacket,Cotton,Vasanth textiles,483.99,549.01,253,186,Formal
2018-08-15,T-shirt,Cotton,Vasanth textiles,738.04,817.18,295,23,Workwear
2021-07-16,Cotton saree,Silk,Shree fabrics,206.07,255.49,416,109,Workwear
2019-12-03,Skirt,Linen,Shree Ram textiles,147.32,209.07,336,3,Formal
2016-10-31,Jacket,Wool,Vasanth textiles,732.48,837.19,254,188,Casual
2022-09-03,Churidhar,Linen,Emco textiles,615.48,776.32,242,105,Formal
2016-06-01,T-shirt,Cotton,Shree Ram textiles,329.33,485.49,285,20,Formal
2018-06-05,Churidhar,Cotton,Shree fabrics,154.88,231.67,159,120,Workwear
2018-07-22,Shirt,Polyester,Emco textiles,894.87,1004.07,360,110,Seasonal
2021-08-24,Skirt,Cotton,Shree fabrics,417.42,515.98,396,150,Festive
2020-03-05,Cotton saree,Polyester,Vasanth textiles,215.44,322.03,441,177,Festive
2019-03-20,Shirt,Wool,Shree Ram textiles,531.38,791.02,58,132,Casual
2016-07-18,Blouse piece,Linen,Shree fabrics,416.96,479.68,333,115,Formal
2020-01-05,Skirt,Silk,Emco textiles,226.48,292.35,97,190,Festive
2018-04-14,T-shirt,Silk,Vasanth textiles,137.76,164.33,200,55,Workwear
2019-12-12,Skirt,Linen,Emco textiles,243.06,361.62,367,96,Casual
2020-03-26,Skirt,Cotton,Shree fabrics,189.49,250.73,10,186,Workwear
2016-10-30,Cotton saree,Polyester,Sri Lakshmi silks,705.54,825.52,191,162,Workwear
2018-09-28,Lungi,Silk,Shree Ram textiles,20.53,26.03,124,103,Workwear
2022-03-05,Blouse piece,Polyester,Emco textiles,488.69,690.07,121,116,Seasonal
2017-06-09,Blouse piece,Polyester,Emco textiles,491.13,700.7,153,10,Workwear
2018-04-12,Saree,Polyester,Shree fabrics,619.89,717.74,359,147,Formal
2018-02-08,Churidhar,Silk,Shree Ram textiles,601.37,822.76,292,25,Formal
2016-12-18,Skirt,Linen,Emco textiles,632.99,763.05,145,152,Formal
2018-04-09,Jacket,Wool,Shree Ram textiles,364.54,426.89,47,199,Workwear
2021-05-02,Blouse piece,Silk,Shree Ram textiles,479.13,553.71,355,158,Casual
2022-08-23,Jacket,Linen,Shree Ram textiles,296.13,415.9,51,135,Formal
2018-11-16,Cotton saree,Wool,Shree fabrics,398.32,591.9,415,6,Seasonal
2016-11-29,Jacket,Silk,Vasanth textiles,156.03,219.13,168,41,Seasonal
2018-03-06,Skirt,Silk,Emco textiles,394.51,442.7,393,8,Casual
2022-02-04,T-shirt,Wool,Shree Ram textiles,825.9,1238.23,56,37,Festive
2018-06-11,Jacket,Cotton,Shree Ram textiles,213.17,248.36,153,83,Workwear
2016-12-24,Saree,Cotton,Shree Ram textiles,545.64,777.83,105,13,Workwear
2021-10-21,T-shirt,Polyester,Emco textiles,648.28,868.11,159,153,Seasonal
2020-06-28,Pants,Cotton,Shree Ram textiles,740.01,938.37,145,108,Seasonal
2021-02-16,Churidhar,Wool,Shree fabrics,199.89,269.21,206,6,Casual
2021-06-11,Saree,Linen,Emco textiles,490.54,658.84,356,135,Seasonal
2018-03-20,Churidhar,Linen,Emco textiles,957.82,1372.65,207,6,Seasonal
2018-12-28,Pants,Silk,Shree Ram textiles,34.23,45.25,399,139,Festive
2019-06-17,Pants,Wool,Sri Lakshmi silks,30.25,41.16,279,60,Casual
2017-05-11,Pants,Linen,Vasanth textiles,102.4,145.55,186,74,Festive
2018-06-07,T-shirt,Linen,Vasanth textiles,587.36,862.88,156,179,Formal
2018-02-10,Blouse piece,Silk,Sri Lakshmi silks,105.55,148.77,57,104,Seasonal
2022-06-20,Lungi,Cotton,Shree fabrics,178.82,215.67,308,91,Festive
2022-10-19,Blouse piece,Silk,Shree Ram textiles,896.64,1266.57,155,78,Casual
2019-12-20,Lungi,Linen,Vasanth textiles,286.49,380.48,300,136,Casual
2020-12-20,Pants,Cotton,Shree fabrics,51.92,77.08,277,126,Seasonal
2017-09-20,Blouse piece,Polyester,Sri Lakshmi silks,537.21,760.71,258,77,Casual
2018-04-17,Pants,Silk,Vasanth textiles,487.72,626.8,331,108,Workwear
2022-08-08,Jacket,Wool,Shree fabrics,386.09,478.02,301,102,Workwear
2017-07-31,Cotton saree,Silk,Shree Ram textiles,97.14,141.38,131,68,Workwear
2021-01-10,Churidhar,Polyester,Vasanth textiles,343.96,495.24,95,146,Seasonal
2020-04-29,Lungi,Cotton,Shree fabrics,981.06,1284.14,221,35,Casual
2022-09-09,Blouse piece,Wool,Vasanth textiles,751.47,971.84,137,34,Formal
2017-07-31,Shirt,Polyester,Shree fabrics,120.08,145.57,214,197,Workwear
2021-09-17,Cotton saree,Wool,Vasanth textiles,721.06,947.53,309,176,Formal
2018-09-26,Skirt,Polyester,Shree Ram textiles,184.94,250.85,299,76,Workwear
2022-01-04,Skirt,Polyester,Emco textiles,477.72,697.59,70,43,Formal
2021-02-24,Cotton saree,Silk,Shree fabrics,866.29,1127.99,62,62,Festive
2022-07-06,Shirt,Linen,Emco textiles,828.74,916.96,264,72,Casual
2017-09-23,Jacket,Cotton,Sri Lakshmi silks,512.73,748.74,193,49,Casual
2018-10-21,Lungi,Wool,Sri Lakshmi silks,340.1,437.79,212,175,Seasonal
2020-01-02,Pants,Wool,Vasanth textiles,486.21,607.29,135,122,Workwear
2017-07-15,Jacket,Silk,Emco textiles,133.5,187.92,62,23,Workwear
2019-02-04,Blouse piece,Wool,Vasanth textiles,291.66,385.48,247,16,Festive
2020-01-12,Jacket,Linen,Sri Lakshmi silks,392.48,481.39,450,71,Festive
2016-07-20,Churidhar,Linen,Sri Lakshmi silks,239.38,334.98,156,45,Casual
2019-06-15,Skirt,Linen,Vasanth textiles,609.01,885.77,318,10,Festive
2019-10-15,Churidhar,Wool,Shree Ram textiles,537.26,688.15,358,146,Formal
2019-08-10,T-shirt,Silk,Shree fabrics,892.52,1198.69,494,41,Formal
2022-02-10,Cotton saree,Cotton,Sri Lakshmi silks,458.47,551.77,227,110,Formal
2017-01-12,Saree,Cotton,Shree Ram textiles,517.24,742.11,266,182,Workwear
2022-10-15,Pants,Polyester,Vasanth textiles,945.95,1181.26,337,156,Festive
2022-02-13,Skirt,Silk,Shree fabrics,619.54,699.2,174,157,Casual
2019-03-23,T-shirt,Polyester,Emco textiles,546.61,633.53,105,159,Formal
2018-03-18,Cotton saree,Polyester,Shree fabrics,824.57,999.91,403,2,Casual
2020-02-16,Shirt,Wool,Sri Lakshmi silks,381.71,494.18,100,99,Casual
2017-05-15,Pants,Linen,Shree fabrics,636.47,756.8,283,125,Seasonal
2018-06-13,Lungi,Polyester,Shree fabrics,494.05,623.75,430,175,Festive
2020-12-17,Saree,Wool,Shree Ram textiles,174.91,216.16,378,97,Seasonal
2020-10-25,Shirt,Linen,Sri Lakshmi silks,579.83,765.52,220,125,Seasonal
2020-07-02,T-shirt,Linen,Shree Ram textiles,488.93,605.79,486,36,Workwear
2018-07-05,Lungi,Polyester,Vasanth textiles,647.01,749.25,224,65,Festive
2016-05-31,Lungi,Polyester,Vasanth textiles,788.17,980.39,256,17,Seasonal
2021-05-01,Shirt,Linen,Vasanth textiles,223.81,322.64,263,3,Casual
2017-11-30,T-shirt,Polyester,Vasanth textiles,948.59,1380.58,210,16,Seasonal
2016-08-15,Shirt,Cotton,Shree Ram textiles,198.36,233.97,268,77,Workwear
2019-06-25,Blouse piece,Wool,Shree fabrics,171.34,244.75,241,162,Seasonal
2019-05-27,Saree,Linen,Emco textiles,505.21,743.78,135,8,Workwear
2020-06-27,Saree,Wool,Sri Lakshmi silks,756.84,928.6,334,70,Festive
2019-03-31,Cotton saree,Wool,Shree Ram textiles,110.34,148.75,439,149,Seasonal
2017-01-05,Shirt,Linen,Emco textiles,995.71,1389.19,223,89,Seasonal
2022-10-01,Shirt,Cotton,Shree Ram textiles,717.69,886.57,320,98,Formal
2022-09-23,Skirt,Wool,Sri Lakshmi silks,347.78,445.38,44,17,Casual
2016-05-08,Shirt,Silk,Vasanth textiles,917.6,1217.44,112,130,Seasonal
2021-09-09,Skirt,Linen,Vasanth textiles,815.54,971.78,315,188,Workwear
2016-02-14,T-shirt,Linen,Emco textiles,631.95,736.28,90,20,Formal
2019-11-07,Saree,Linen,Emco textiles,215.24,243.89,356,60,Casual
2020-03-26,T-shirt,Wool,Sri Lakshmi silks,391.91,433.03,472,72,Casual
2019-02-27,Shirt,Linen,Vasanth textiles,530.05,681.8,118,120,Festive
2022-09-10,Jacket,Wool,Emco textiles,82.14,94.3,266,66,Workwear
2022-05-09,T-shirt,Cotton,Shree Ram textiles,572.64,798.06,76,97,Formal
2020-10-19,Lungi,Cotton,Sri Lakshmi silks,248.83,369.88,346,10,Casual
2016-08-23,Pants,Wool,Shree Ram textiles,483.71,684.24,55,36,Festive
2020-07-23,Churidhar,Wool,Vasanth textiles,78.12,95.94,231,193,Seasonal
2016-10-10,Shirt,Linen,Shree fabrics,794.71,1154.79,245,186,Workwear
2017-07-01,T-shirt,Polyester,Emco textiles,109.95,147.86,338,46,Workwear
2022-10-02,Skirt,Wool,Shree fabrics,857.7,999.12,253,4,Formal
2017-04-19,T-shirt,Cotton,Shree fabrics,108.48,129.25,115,130,Workwear
2017-02-12,Lungi,Silk,Sri Lakshmi silks,87.66,104.42,468,186,Workwear
2020-11-26,Skirt,Cotton,Emco textiles,683.71,923.26,21,9,Casual
2017-06-20,Pants,Wool,Shree Ram textiles,691.5,971.19,210,168,Workwear
2018-02-27,Pants,Cotton,Vasanth textiles,697.77,860.64,418,71,Seasonal
2016-06-23,Churidhar,Silk,Shree Ram textiles,441.29,595.56,84,135,Festive
2019-11-05,Blouse piece,Polyester,Vasanth textiles,491.67,676.62,58,31,Workwear
2018-02-17,Jacket,Polyester,Emco textiles,168.31,205.52,318,190,Casual
2019-01-28,Shirt,Linen,Vasanth textiles,694.3,765.42,241,180,Workwear
2017-07-16,T-shirt,Linen,Vasanth textiles,383.15,499.77,491,113,Casual
2016-08-20,Blouse piece,Silk,Shree fabrics,91.33,135.73,296,38,Workwear
2018-05-17,Pants,Silk,Sri Lakshmi silks,73.42,109.19,229,144,Festive
2021-06-04,T-shirt,Wool,Shree fabrics,206.59,286.12,115,196,Formal
2021-02-21,Blouse piece,Wool,Vasanth textiles,385.84,485.41,198,95,Seasonal
2022-01-03,Jacket,Polyester,Emco textiles,497.94,626.37,66,193,Seasonal
2020-08-12,Churidhar,Silk,Shree fabrics,922.19,1144.98,42,41,Casual
2021-12-08,Jacket,Linen,Shree Ram textiles,634.03,752.46,475,60,Casual
2018-09-17,Pants,Silk,Vasanth textiles,260.99,347.42,275,20,Casual
2019-11-10,Skirt,Polyester,Shree fabrics,406.37,497.17,369,31,Casual
2020-05-14,Saree,Silk,Sri Lakshmi silks,44.68,64.52,440,6,Casual
2016-11-27,Lungi,Wool,Emco textiles,561.25,785.34,34,183,Formal
2018-09-03,Jacket,Cotton,Sri Lakshmi silks,991.67,1151.4,127,157,Festive
2018-03-27,Pants,Silk,Vasanth textiles,726.02,1076.79,37,128,Workwear
2017-01-28,Cotton saree,Cotton,Emco textiles,989.14,1232.9,195,54,Seasonal
2016-10-01,Lungi,Wool,Shree fabrics,876.29,1161.71,270,107,Festive
2020-06-20,Cotton saree,Cotton,Vasanth textiles,509.97,680.22,400,89,Festive
2020-05-04,Jacket,Cotton,Sri Lakshmi silks,586.32,784.78,417,188,Seasonal
2017-01-26,Skirt,Cotton,Vasanth textiles,297.86,446.63,447,136,Seasonal
2017-07-17,Lungi,Linen,Sri Lakshmi silks,295.41,361.86,93,156,Casual
2021-09-02,Saree,Silk,Emco textiles,307.72,461.46,170,156,Formal
2019-09-28,T-shirt,Polyester,Shree Ram textiles,450.04,564.72,360,162,Workwear
2019-05-07,T-shirt,Linen,Vasanth textiles,661.73,775.7,76,51,Workwear
2021-10-29,T-shirt,Polyester,Sri Lakshmi silks,247.0,317.4,103,159,Casual
2022-04-02,T-shirt,Linen,Sri Lakshmi silks,647.32,718.13,63,200,Workwear
2019-11-03,Blouse piece,Linen,Emco textiles,631.12,759.05,500,16,Workwear
2017-11-06,Saree,Cotton,Sri Lakshmi silks,841.26,1173.01,494,46,Seasonal
2018-09-06,T-shirt,Polyester,Shree Ram textiles,624.84,835.33,156,182,Festive
2022-09-07,Churidhar,Linen,Vasanth textiles,248.44,344.61,478,150,Festive
2017-05-18,Cotton saree,Silk,Shree Ram textiles,357.92,499.64,261,198,Workwear
2018-05-13,Churidhar,Wool,Sri Lakshmi silks,134.45,167.24,189,48,Workwear
2021-05-10,Cotton saree,Cotton,Emco textiles,690.16,1021.45,293,187,Seasonal
2021-02-13,Pants,Cotton,Emco textiles,360.42,488.57,42,179,Festive
2021-11-19,Skirt,Cotton,Shree Ram textiles,675.7,776.17,448,174,Festive
2016-07-05,Shirt,Wool,Sri Lakshmi silks,341.53,480.62,167,108,Workwear
2016-09-01,Churidhar,Polyester,Shree fabrics,901.17,1264.75,343,172,Festive
2020-04-21,Cotton saree,Silk,Emco textiles,943.88,1123.65,202,8,Formal
2022-11-01,Skirt,Polyester,Vasanth textiles,52.26,57.95,343,121,Workwear
2020-02-08,Skirt,Polyester,Vasanth textiles,415.36,580.08,40,91,Seasonal
2022-07-18,T-shirt,Linen,Emco textiles,866.45,954.26,49,85,Workwear
2017-06-28,Jacket,Cotton,Emco textiles,838.22,1016.48,401,92,Seasonal
2021-11-06,Skirt,Polyester,Vasanth textiles,114.27,143.97,352,98,Formal
2019-11-20,Shirt,Silk,Vasanth textiles,372.84,423.17,54,114,Formal
2022-05-09,Skirt,Polyester,Shree Ram textiles,781.13,1041.6,481,130,Workwear
2021-11-08,Jacket,Silk,Vasanth textiles,731.64,1012.2,439,81,Formal
2017-03-21,Saree,Polyester,Sri Lakshmi silks,233.49,295.94,65,193,Casual
2016-10-31,Pants,Cotton,Emco textiles,419.49,546.51,91,108,Casual
2016-06-22,T-shirt,Silk,Vasanth textiles,125.85,183.32,331,3,Workwear
2020-03-02,Lungi,Polyester,Sri Lakshmi silks,625.03,798.63,103,68,Workwear
2020-04-28,Jacket,Cotton,Sri Lakshmi silks,438.12,581.78,401,153,Formal
2016-07-26,T-shirt,Polyester,Shree Ram textiles,432.72,531.38,42,110,Seasonal
2018-08-11,Skirt,Cotton,Sri Lakshmi silks,409.68,553.74,102,66,Seasonal
2019-05-18,Lungi,Silk,Sri Lakshmi silks,886.28,1297.7,190,58,Festive
2020-08-02,Churidhar,Silk,Vasanth textiles,177.05,230.85,435,51,Festive
2022-10-22,Churidhar,Cotton,Shree fabrics,988.82,1302.65,327,119,Workwear
2017-03-15,Jacket,Cotton,Shree fabrics,192.34,274.17,89,140,Casual
2018-02-22,Blouse piece,Linen,Sri Lakshmi silks,297.47,410.43,45,178,Formal
2017-11-09,Skirt,Linen,Shree Ram textiles,123.28,170.05,410,15,Casual
2017-02-02,Shirt,Wool,Emco textiles,345.88,442.3,299,187,Casual
2020-08-04,Lungi,Cotton,Vasanth textiles,691.47,863.32,170,158,Seasonal
2022-10-13,Shirt,Wool,Vasanth textiles,36.42,47.19,150,136,Festive
2018-03-01,Pants,Silk,Vasanth textiles,293.49,372.67,317,41,Casual
2018-03-27,Jacket,Linen,Shree fabrics,309.7,409.08,111,30,Festive
2019-08-01,Pants,Linen,Vasanth textiles,618.92,785.62,294,161,Seasonal
2021-10-20,Skirt,Polyester,Shree Ram textiles,143.09,174.23,217,138,Formal
2020-11-05,Jacket,Polyester,Emco textiles,643.81,883.98,173,162,Festive
2017-09-11,Jacket,Linen,Emco textiles,631.51,701.9,176,153,Festive
2017-01-14,Churidhar,Wool,Shree Ram textiles,38.39,48.84,222,73,Seasonal
2017-05-05,Blouse piece,Silk,Emco textiles,742.78,902.74,23,98,Seasonal
2016-03-23,Shirt,Wool,Emco textiles,335.11,498.83,393,41,Seasonal
2022-02-10,Shirt,Wool,Emco textiles,249.7,331.09,110,88,Casual
2021-12-31,Skirt,Polyester,Vasanth textiles,324.18,398.43,146,174,Casual
2021-08-16,Skirt,Wool,Shree fabrics,265.73,353.09,425,188,Casual
2022-08-17,Pants,Polyester,Shree Ram textiles,25.85,36.7,201,143,Seasonal
2020-10-10,T-shirt,Cotton,Vasanth textiles,418.9,564.95,276,176,Formal
2018-08-20,Shirt,Silk,Emco textiles,338.4,426.69,464,138,Formal
2021-02-17,Saree,Wool,Shree fabrics,392.24,583.84,343,19,Formal
2017-12-14,Pants,Cotton,Shree fabrics,795.4,1121.77,113,120,Festive
2016-04-01,Churidhar,Polyester,Vasanth textiles,956.29,1088.82,315,1,Casual
2016-05-14,Shirt,Wool,Vasanth textiles,380.59,538.06,167,163,Seasonal
2019-02-11,Skirt,Wool,Shree Ram textiles,423.89,498.74,403,30,Formal
2022-02-22,Pants,Silk,Emco textiles,446.13,576.51,499,100,Festive
2018-11-07,Skirt,Cotton,Emco textiles,818.09,1097.09,333,27,Seasonal
2018-06-06,Blouse piece,Cotton,Shree fabrics,213.97,285.34,211,150,Seasonal
2016-02-25,Saree,Wool,Vasanth textiles,144.34,168.61,147,178,Workwear
2016-12-14,T-shirt,Linen,Shree Ram textiles,935.07,1219.78,119,151,Seasonal
2019-05-24,Churidhar,Silk,Shree Ram textiles,191.61,213.82,486,60,Formal
2017-06-19,Cotton saree,Cotton,Sri Lakshmi silks,485.95,653.81,371,136,Casual
2020-06-25,Lungi,Linen,Shree Ram textiles,946.54,1217.8,66,47,Workwear
2017-09-28,Saree,Linen,Vasanth textiles,236.17,314.57,243,8,Festive
2018-06-23,Lungi,Wool,Sri Lakshmi silks,195.46,216.08,105,63,Formal
2018-07-31,Pants,Silk,Emco textiles,999.84,1320.8,456,18,Casual
2018-12-09,Shirt,Silk,Emco textiles,684.75,886.89,388,80,Casual
2018-01-01,Skirt,Linen,Emco textiles,44.49,60.85,336,14,Formal
2022-10-01,Jacket,Polyester,Vasanth textiles,211.1,311.92,449,126,Casual
2019-03-13,Jacket,Polyester,Vasanth textiles,387.58,498.97,414,68,Workwear
2022-02-16,Skirt,Silk,Sri Lakshmi silks,964.51,1352.27,255,148,Seasonal
2017-01-18,Blouse piece,Linen,Emco textiles,827.88,1182.66,396,38,Seasonal
2019-07-02,Churidhar,Linen,Sri Lakshmi silks,726.74,1009.18,80,183,Workwear
2018-09-12,Jacket,Polyester,Shree fabrics,390.39,523.79,310,99,Festive
2019-12-30,Shirt,Linen,Emco textiles,497.46,689.78,331,141,Casual
2022-06-21,Cotton saree,Silk,Shree fabrics,261.79,340.68,45,79,Workwear
2022-08-18,Churidhar,Linen,Emco textiles,914.65,1325.78,259,129,Formal
2019-12-23,Shirt,Cotton,Shree fabrics,511.38,763.93,15,175,Festive
2017-07-05,T-shirt,Cotton,Shree fabrics,433.38,557.21,77,172,Seasonal
2018-01-23,Shirt,Linen,Sri Lakshmi silks,419.11,611.62,172,107,Workwear
2021-04-29,Pants,Wool,Shree fabrics,44.53,56.68,57,146,Seasonal
2019-07-04,Pants,Silk,Shree Ram textiles,536.19,703.06,350,29,Casual
2019-05-11,Blouse piece,Silk,Vasanth textiles,209.2,255.98,205,177,Formal
2019-06-14,T-shirt,Cotton,Sri Lakshmi silks,578.3,782.04,420,134,Workwear
2021-11-18,Churidhar,Polyester,Shree Ram textiles,285.78,418.46,335,100,Formal
2020-02-15,Shirt,Silk,Vasanth textiles,923.36,1061.0,48,123,Festive
2020-04-02,Cotton saree,Cotton,Shree Ram textiles,20.53,23.17,476,7,Casual
2017-04-28,Jacket,Linen,Shree fabrics,434.35,543.78,299,144,Casual
2017-02-19,Pants,Cotton,Shree Ram textiles,762.88,842.58,148,85,Casual
2019-12-17,Skirt,Polyester,Vasanth textiles,297.71,369.49,28,14,Seasonal
2020-09-02,T-shirt,Linen,Shree fabrics,750.25,994.86,267,84,Festive
2017-01-29,Churidhar,Linen,Shree fabrics,436.84,543.12,303,8,Workwear
2019-11-06,Lungi,Linen,Vasanth textiles,603.79,701.92,420,121,Workwear
2017-08-19,Lungi,Silk,Emco textiles,506.15,725.16,476,89,Formal
2022-02-19,Skirt,Linen,Emco textiles,347.2,500.99,311,124,Festive
2020-05-25,Blouse piece,Cotton,Vasanth textiles,204.65,297.61,346,156,Festive
2020-06-18,Skirt,Cotton,Shree Ram textiles,706.21,980.08,94,63,Seasonal
2017-03-09,Churidhar,Silk,Shree fabrics,231.0,291.29,360,193,Formal
2017-10-19,Shirt,Linen,Shree Ram textiles,465.46,548.63,446,85,Seasonal
2020-09-14,Pants,Wool,Sri Lakshmi silks,670.19,974.26,495,188,Workwear
2017-01-26,Skirt,Cotton,Vasanth textiles,587.55,822.05,431,23,Workwear
2019-05-11,Pants,Cotton,Shree fabrics,894.94,1012.17,181,147,Formal
2021-12-04,Skirt,Polyester,Vasanth textiles,703.0,1010.36,106,63,Casual
2018-07-02,Blouse piece,Polyester,Vasanth textiles,780.86,959.29,57,198,Seasonal
2016-10-04,Lungi,Silk,Shree Ram textiles,622.14,693.31,92,189,Casual
2020-10-25,Lungi,Polyester,Emco textiles,920.6,1080.04,226,183,Festive
2019-12-25,Blouse piece,Silk,Sri Lakshmi silks,173.36,248.29,212,117,Festive
2016-09-30,Cotton saree,Silk,Sri Lakshmi silks,824.29,1080.43,185,33,Casual
2018-06-08,Blouse piece,Wool,Shree Ram textiles,185.22,214.26,305,185,Workwear
2018-04-01,Churidhar,Polyester,Shree Ram textiles,431.91,626.83,391,83,Seasonal
2017-10-08,Cotton saree,Cotton,Shree Ram textiles,347.82,489.47,255,100,Casual
2018-11-16,Blouse piece,Polyester,Vasanth textiles,455.39,514.8,279,156,Casual
2020-05-17,Jacket,Wool,Shree Ram textiles,906.5,1284.65,20,162,Casual
2018-01-10,Jacket,Silk,Shree fabrics,111.66,131.56,366,127,Casual
2018-04-19,Cotton saree,Polyester,Shree Ram textiles,238.72,329.22,94,44,Workwear
2019-11-11,Jacket,Wool,Emco textiles,456.09,596.87,68,168,Formal
2019-11-24,Saree,Cotton,Emco textiles,421.06,535.37,158,103,Seasonal
2021-06-06,Blouse piece,Polyester,Emco textiles,765.48,904.17,493,71,Formal
2017-12-21,Saree,Linen,Sri Lakshmi silks,965.68,1212.22,242,156,Formal
2022-11-30,Blouse piece,Polyester,Shree Ram textiles,436.22,482.29,58,178,Seasonal
2022-09-06,Cotton saree,Polyester,Sri Lakshmi silks,476.43,691.38,220,160,Festive
2019-04-05,Blouse piece,Polyester,Shree Ram textiles,499.04,675.6,225,14,Casual
2021-06-05,Lungi,Wool,Emco textiles,193.62,222.84,55,134,Casual
2019-08-11,T-shirt,Silk,Shree Ram textiles,577.51,866.18,465,186,Casual
2018-01-17,Skirt,Cotton,Sri Lakshmi silks,546.54,647.63,89,123,Seasonal
2022-06-01,Saree,Silk,Sri Lakshmi silks,113.9,167.16,320,134,Formal
2021-09-10,Skirt,Wool,Shree Ram textiles,835.66,1188.82,357,2,Casual
2016-07-24,Saree,Linen,Shree fabrics,723.28,805.08,174,70,Casual
2018-08-03,Churidhar,Wool,Vasanth textiles,46.66,53.65,107,85,Formal
2022-09-29,T-shirt,Cotton,Shree Ram textiles,402.34,586.73,168,24,Workwear
2020-09-28,Saree,Linen,Vasanth textiles,31.07,46.37,495,45,Workwear
2018-09-05,Skirt,Polyester,Vasanth textiles,846.66,1050.27,354,67,Festive
2018-10-30,Cotton saree,Silk,Shree fabrics,291.07,396.48,56,85,Workwear
2021-01-02,Pants,Polyester,Shree Ram textiles,758.69,975.31,249,158,Formal
2022-03-15,Shirt,Silk,Shree fabrics,354.09,464.32,492,44,Workwear
2022-09-18,Skirt,Wool,Emco textiles,34.0,46.49,371,140,Casual
2016-05-15,Saree,Linen,Vasanth textiles,415.33,487.88,480,139,Casual
2019-12-02,Saree,Polyester,Vasanth textiles,227.96,275.12,75,170,Casual
2016-09-09,Jacket,Wool,Emco textiles,755.05,992.86,105,126,Seasonal
2018-01-04,Cotton saree,Silk,Shree Ram textiles,302.85,446.1,309,150,Casual
2019-12-03,T-shirt,Cotton,Shree Ram textiles,520.41,572.77,435,78,Casual
2017-05-11,Skirt,Silk,Vasanth textiles,173.88,219.5,451,198,Festive
2016-02-26,Churidhar,Linen,Sri Lakshmi silks,480.73,561.27,139,67,Casual
2022-08-02,Pants,Linen,Sri Lakshmi silks,497.16,626.34,259,80,Formal
2020-10-31,Cotton saree,Polyester,Emco textiles,314.53,409.48,471,6,Festive
2020-12-01,Cotton saree,Linen,Vasanth textiles,362.49,471.33,200,37,Festive
2018-10-16,Saree,Cotton,Emco textiles,375.39,487.66,359,28,Festive
2019-09-01,Skirt,Wool,Sri Lakshmi silks,731.47,818.08,324,109,Formal
2020-10-17,Saree,Silk,Shree Ram textiles,866.53,1168.6,120,167,Festive
2020-12-16,T-shirt,Linen,Vasanth textiles,590.52,664.37,126,55,Seasonal
2019-02-03,Shirt,Linen,Shree fabrics,227.05,298.56,223,145,Seasonal
2018-05-17,Jacket,Wool,Shree fabrics,368.49,409.68,437,170,Casual
2022-09-10,Pants,Cotton,Shree fabrics,61.47,89.17,312,87,Casual
2018-10-16,Churidhar,Silk,Sri Lakshmi silks,414.48,529.79,53,53,Formal
2020-09-10,Jacket,Wool,Emco textiles,284.09,394.95,15,42,Seasonal
2022-02-06,Jacket,Wool,Vasanth textiles,171.25,253.37,65,139,Formal
2016-10-25,Blouse piece,Polyester,Vasanth textiles,628.82,917.68,65,199,Formal
2016-04-13,Saree,Silk,Shree Ram textiles,846.09,950.83,373,194,Workwear
2019-03-02,Saree,Wool,Sri Lakshmi silks,780.09,883.19,442,15,Casual
2017-12-01,Churidhar,Wool,Shree Ram textiles,736.77,956.28,437,114,Seasonal
2017-08-24,Saree,Wool,Shree Ram textiles,674.03,808.43,37,16,Workwear
2017-07-27,Saree,Linen,Shree Ram textiles,858.94,1217.15,409,52,Formal
2021-04-05,Shirt,Polyester,Shree Ram textiles,97.44,128.71,237,156,Workwear
2017-06-03,Saree,Silk,Vasanth textiles,233.81,350.65,250,132,Seasonal
2016-03-03,Churidhar,Silk,Shree fabrics,576.97,695.43,249,181,Casual
2017-02-04,Blouse piece,Polyester,Sri Lakshmi silks,132.39,176.04,112,164,Festive
2017-04-18,Churidhar,Wool,Emco textiles,379.02,473.53,245,135,Casual
2020-10-22,Churidhar,Cotton,Emco textiles,284.87,377.83,353,156,Workwear
2018-06-22,Churidhar,Silk,Shree fabrics,797.71,1102.55,173,85,Workwear
2020-08-08,Shirt,Wool,Shree Ram textiles,960.42,1163.59,309,27,Casual
2017-03-29,Lungi,Cotton,Shree Ram textiles,637.28,805.13,494,34,Formal
2018-05-20,Blouse piece,Linen,Shree fabrics,165.12,225.63,331,135,Casual
2019-03-08,Blouse piece,Silk,Shree fabrics,941.01,1294.98,102,18,Seasonal
2017-09-10,Jacket,Silk,Emco textiles,854.2,1056.9,349,129,Casual
2018-12-20,Pants,Linen,Emco textiles,953.51,1377.04,85,9,Formal
2022-05-07,Pants,Wool,Shree fabrics,151.45,187.54,248,79,Formal
2016-06-13,Shirt,Silk,Shree fabrics,141.87,164.82,339,111,Seasonal
2021-12-15,Cotton saree,Silk,Shree Ram textiles,112.25,164.16,491,187,Casual
2022-12-05,Pants,Wool,Emco textiles,731.91,1092.98,99,52,Formal
2017-05-06,Saree,Polyester,Shree fabrics,177.34,208.23,457,40,Seasonal
2020-11-01,Lungi,Polyester,Vasanth textiles,449.88,561.71,460,200,Workwear
2017-04-17,Churidhar,Wool,Vasanth textiles,710.82,991.81,48,168,Casual
2018-06-04,Saree,Silk,Shree fabrics,235.68,330.45,222,57,Casual
2017-01-02,Churidhar,Wool,Sri Lakshmi silks,982.05,1153.01,21,14,Seasonal
2021-09-23,Lungi,Cotton,Emco textiles,161.79,209.26,255,190,Festive
2022-09-11,Lungi,Cotton,Vasanth textiles,346.19,476.82,338,84,Formal
2016-12-07,Blouse piece,Silk,Vasanth textiles,328.48,396.74,144,54,Formal
2020-08-14,Jacket,Cotton,Vasanth textiles,807.43,1026.34,265,161,Casual
2020-07-23,Saree,Silk,Shree Ram textiles,962.51,1403.1,156,99,Seasonal
2016-10-08,Blouse piece,Silk,Shree Ram textiles,824.54,1049.86,225,139,Festive
2021-12-22,Cotton saree,Silk,Vasanth textiles,137.24,157.14,169,123,Festive
2021-01-05,Blouse piece,Silk,Shree Ram textiles,327.36,419.34,497,23,Festive
2019-10-07,Jacket,Linen,Vasanth textiles,438.75,619.45,84,150,Festive
2021-05-01,Churidhar,Polyester,Sri Lakshmi silks,347.19,394.42,446,122,Seasonal
2021-08-08,Saree,Cotton,Shree fabrics,201.25,255.71,444,154,Festive
2021-10-04,Jacket,Wool,Vasanth textiles,828.1,1206.19,325,186,Workwear
2022-12-03,Lungi,Cotton,Sri Lakshmi silks,89.58,116.54,235,97,Casual
2017-03-11,Churidhar,Linen,Shree Ram textiles,159.51,194.9,133,45,Festive
2016-02-01,T-shirt,Polyester,Emco textiles,286.25,323.35,60,160,Workwear
2018-07-25,Saree,Linen,Emco textiles,390.61,510.66,276,168,Workwear
2022-04-03,Pants,Polyester,Emco textiles,587.98,840.52,223,103,Formal
2017-07-05,Shirt,Silk,Vasanth textiles,76.76,103.71,108,89,Formal
2021-08-22,Pants,Polyester,Emco textiles,446.74,631.23,469,197,Workwear
2021-08-04,Pants,Cotton,Vasanth textiles,67.55,83.15,457,14,Casual
2020-09-20,Jacket,Wool,Vasanth textiles,359.89,401.6,319,21,Festive
2016-05-29,Pants,Cotton,Sri Lakshmi silks,572.43,664.56,315,21,Seasonal
2022-08-04,Churidhar,Linen,Sri Lakshmi silks,731.61,828.65,154,147,Formal
2020-11-18,Lungi,Wool,Shree Ram textiles,442.45,579.35,215,195,Festive
2016-06-26,Churidhar,Linen,Emco textiles,817.2,1171.83,195,20,Workwear
2022-07-30,Shirt,Polyester,Vasanth textiles,360.11,474.17,109,23,Workwear
2017-07-14,Skirt,Cotton,Vasanth textiles,811.2,951.99,76,40,Formal
2018-10-14,T-shirt,Silk,Shree fabrics,23.03,33.83,176,3,Seasonal
2018-10-03,Lungi,Polyester,Vasanth textiles,113.92,148.91,315,184,Festive
2016-05-10,T-shirt,Silk,Shree Ram textiles,826.92,924.14,213,77,Formal
2019-06-24,Pants,Linen,Shree Ram textiles,62.6,78.14,335,117,Seasonal
2017-11-25,Pants,Wool,Shree Ram textiles,792.0,1177.63,224,53,Seasonal
2018-12-17,Shirt,Linen,Shree fabrics,351.89,510.18,258,47,Seasonal
2022-01-16,Blouse piece,Cotton,Vasanth textiles,239.22,325.55,122,28,Workwear
2016-12-01,Skirt,Cotton,Vasanth textiles,934.19,1042.35,315,62,Festive
2022-10-03,Churidhar,Wool,Shree Ram textiles,722.9,990.68,326,163,Workwear
2019-04-17,Pants,Cotton,Shree Ram textiles,327.56,374.73,11,92,Casual
2020-07-22,Skirt,Cotton,Vasanth textiles,148.55,210.61,252,104,Seasonal
2016-05-07,Lungi,Wool,Shree fabrics,203.65,272.96,41,111,Formal
2022-11-11,Blouse piece,Wool,Shree fabrics,759.92,1011.37,90,34,Casual
2020-07-20,Saree,Linen,Shree fabrics,573.62,800.55,210,7,Festive
2016-11-27,Churidhar,Linen,Vasanth textiles,62.93,84.55,383,42,Workwear
2016-06-17,Cotton saree,Linen,Shree fabrics,841.48,1120.72,408,181,Seasonal
2017-01-01,Lungi,Cotton,Emco textiles,237.3,334.2,99,130,Festive
2022-07-29,Cotton saree,Polyester,Emco textiles,295.26,375.6,427,62,Formal
2020-01-05,Saree,Linen,Shree fabrics,49.79,62.06,343,193,Workwear
2022-03-12,Saree,Polyester,Sri Lakshmi silks,525.33,581.21,160,98,Festive
2022-07-31,Jacket,Cotton,Vasanth textiles,728.37,998.76,391,2,Casual
2020-08-14,Saree,Silk,Sri Lakshmi silks,168.19,229.01,227,184,Formal
2019-10-27,Churidhar,Linen,Shree Ram textiles,24.91,33.31,163,114,Casual
2017-01-11,Skirt,Silk,Shree Ram textiles,797.46,1180.49,165,26,Workwear
2022-01-27,Churidhar,Linen,Shree fabrics,505.39,566.23,100,42,Workwear
2022-01-21,Churidhar,Polyester,Vasanth textiles,830.85,1209.19,37,140,Workwear
2017-09-14,Saree,Silk,Shree fabrics,865.73,989.67,451,52,Seasonal
2017-01-10,Lungi,Polyester,Emco textiles,668.08,842.03,347,115,Formal
2019-03-06,Skirt,Linen,Vasanth textiles,418.12,554.38,365,39,Festive
2020-08-15,Skirt,Silk,Shree fabrics,34.33,45.62,134,14,Workwear
2019-10-20,T-shirt,Silk,Emco textiles,780.61,1010.88,381,119,Seasonal
2018-02-28,Pants,Cotton,Emco textiles,583.61,675.61,34,37,Workwear
2016-04-08,Pants,Polyester,Emco textiles,748.74,952.64,347,66,Formal
2018-02-05,Blouse piece,Linen,Sri Lakshmi silks,925.04,1060.57,128,173,Casual
2017-10-03,Blouse piece,Linen,Shree fabrics,798.0,953.09,231,92,Festive
2022-01-11,Jacket,Silk,Vasanth textiles,744.77,975.58,104,108,Formal
2022-02-21,Pants,Polyester,Shree fabrics,222.53,255.14,213,74,Formal
2021-07-25,Blouse piece,Polyester,Shree fabrics,434.84,647.38,13,178,Workwear
2018-07-29,Jacket,Silk,Vasanth textiles,626.54,806.63,369,40,Formal
2022-07-04,Cotton saree,Cotton,Shree fabrics,823.74,1061.47,125,198,Casual
2017-01-13,Lungi,Wool,Sri Lakshmi silks,860.98,1256.98,209,117,Casual
2018-08-29,Shirt,Cotton,Emco textiles,471.13,687.28,228,53,Workwear
2020-01-07,Skirt,Silk,Shree fabrics,443.11,490.37,304,107,Formal
2017-08-21,Pants,Silk,Sri Lakshmi silks,170.6,237.35,273,92,Festive
2020-10-15,Skirt,Wool,Sri Lakshmi silks,572.3,808.87,331,125,Casual
2018-04-16,Pants,Cotton,Vasanth textiles,282.2,387.33,225,27,Casual
2016-11-23,Skirt,Wool,Vasanth textiles,385.94,438.87,87,76,Festive
2017-03-15,Saree,Cotton,Shree Ram textiles,333.43,480.16,135,151,Workwear
2020-10-08,Blouse piece,Silk,Sri Lakshmi silks,691.95,904.49,345,67,Seasonal
2022-04-10,Jacket,Silk,Shree fabrics,760.6,900.03,409,65,Seasonal
2019-05-11,Jacket,Wool,Shree Ram textiles,513.16,676.75,40,189,Casual
2019-09-07,Blouse piece,Wool,Shree Ram textiles,51.27,67.61,429,182,Festive
2021-03-03,Blouse piece,Wool,Shree fabrics,88.91,119.83,403,175,Casual
2019-11-01,Skirt,Cotton,Emco textiles,111.74,163.74,240,16,Casual
2021-04-02,Skirt,Polyester,Shree Ram textiles,686.89,1025.1,159,84,Workwear
2017-12-16,Jacket,Cotton,Emco textiles,194.05,216.46,111,120,Casual
2022-03-31,Pants,Polyester,Shree Ram textiles,383.64,535.3,115,105,Seasonal
2017-11-25,Saree,Wool,Shree fabrics,280.83,332.68,368,199,Workwear
2018-10-18,Churidhar,Cotton,Shree Ram textiles,862.32,978.6,391,144,Festive
2019-05-23,Blouse piece,Cotton,Shree fabrics,310.95,423.85,33,199,Workwear
2016-10-06,Pants,Polyester,Sri Lakshmi silks,622.61,820.58,41,63,Seasonal
2016-03-19,Blouse piece,Cotton,Emco textiles,45.59,61.23,329,190,Formal
2021-03-09,Lungi,Polyester,Sri Lakshmi silks,669.51,979.54,216,26,Workwear
2019-08-25,Cotton saree,Polyester,Sri Lakshmi silks,380.88,551.7,173,80,Workwear
2022-09-27,Cotton saree,Wool,Emco textiles,559.52,770.8,192,174,Casual
2019-03-08,Jacket,Linen,Vasanth textiles,85.74,114.67,481,101,Seasonal
2016-11-13,Churidhar,Cotton,Shree Ram textiles,707.4,1038.42,217,151,Seasonal
2017-03-19,Lungi,Silk,Shree Ram textiles,598.51,679.36,313,103,Seasonal
2017-01-22,Pants,Wool,Shree fabrics,69.36,84.41,183,146,Workwear
2020-01-01,Jacket,Linen,Sri Lakshmi silks,24.53,35.73,231,194,Formal
2022-07-10,Blouse piece,Wool,Vasanth textiles,784.1,1022.41,63,152,Workwear
2022-05-16,T-shirt,Silk,Shree fabrics,639.55,869.35,474,31,Seasonal
2019-08-03,Churidhar,Silk,Shree Ram textiles,756.12,971.86,412,149,Casual
2017-08-10,Lungi,Cotton,Shree fabrics,290.95,335.33,447,41,Festive
2017-04-03,Jacket,Polyester,Sri Lakshmi silks,296.22,341.64,70,133,Workwear
2022-06-26,T-shirt,Cotton,Emco textiles,475.98,620.6,182,112,Formal
2022-03-25,T-shirt,Polyester,Shree Ram textiles,45.49,56.87,478,76,Casual
2016-11-08,Cotton saree,Cotton,Shree fabrics,156.89,198.91,128,137,Workwear
2019-09-10,T-shirt,Polyester,Emco textiles,413.71,530.43,259,189,Workwear
2020-02-28,Skirt,Linen,Shree Ram textiles,371.65,444.02,107,138,Seasonal
2021-11-12,Blouse piece,Silk,Shree fabrics,671.12,805.85,465,48,Seasonal
2021-06-07,Skirt,Silk,Shree fabrics,676.55,1010.77,330,121,Workwear
2022-05-23,Blouse piece,Silk,Vasanth textiles,671.77,875.91,416,198,Seasonal
2021-10-01,Churidhar,Linen,Sri Lakshmi silks,927.27,1316.98,406,93,Festive
2021-03-05,Cotton saree,Wool,Emco textiles,627.1,737.63,466,17,Workwear
2022-08-28,Saree,Polyester,Emco textiles,852.07,1116.94,84,174,Formal
2020-04-22,Blouse piece,Polyester,Emco textiles,942.2,1296.33,61,117,Casual
2022-11-17,Jacket,Polyester,Vasanth textiles,426.95,558.51,42,78,Workwear
2016-09-20,Shirt,Linen,Emco textiles,624.37,743.03,239,185,Festive
2022-05-03,Pants,Wool,Emco textiles,142.81,166.45,171,49,Formal
2022-08-20,Lungi,Silk,Sri Lakshmi silks,309.25,362.87,229,134,Festive
2018-10-13,Cotton saree,Linen,Shree fabrics,351.19,453.2,459,159,Festive
2022-02-02,Skirt,Wool,Shree fabrics,278.41,400.07,76,171,Casual
2022-03-30,Saree,Silk,Shree fabrics,756.6,1054.26,367,43,Seasonal
2017-08-14,Jacket,Polyester,Shree fabrics,814.03,1161.53,148,155,Workwear
2017-05-18,Lungi,Linen,Vasanth textiles,867.15,1019.13,33,151,Casual
2016-04-20,T-shirt,Polyester,Sri Lakshmi silks,543.37,796.17,194,187,Seasonal
2022-02-07,Skirt,Linen,Shree Ram textiles,663.78,912.83,377,136,Formal
2019-08-29,Blouse piece,Silk,Vasanth textiles,892.07,1234.19,10,148,Festive
2018-10-25,Churidhar,Silk,Sri Lakshmi silks,423.52,598.33,359,57,Formal
2017-08-01,Blouse piece,Linen,Vasanth textiles,949.15,1226.66,350,190,Workwear
2017-05-25,Skirt,Linen,Emco textiles,636.6,773.57,404,122,Seasonal
2022-02-18,T-shirt,Polyester,Emco textiles,216.35,274.77,429,140,Workwear
2022-05-13,Churidhar,Silk,Sri Lakshmi silks,521.93,685.98,319,188,Seasonal
2021-11-29,T-shirt,Linen,Vasanth textiles,798.19,1063.21,160,6,Workwear
2021-10-09,Blouse piece,Polyester,Emco textiles,814.39,1009.88,380,62,Seasonal
2020-08-31,Saree,Wool,Shree fabrics,760.2,1082.05,147,180,Formal
2016-05-28,Jacket,Linen,Vasanth textiles,863.29,1045.39,168,65,Seasonal
2017-03-28,Skirt,Linen,Vasanth textiles,572.32,726.54,95,53,Workwear
2022-01-07,Shirt,Cotton,Shree fabrics,545.64,683.4,388,32,Festive
2018-04-28,Churidhar,Linen,Shree Ram textiles,416.35,468.13,66,40,Festive
2019-11-02,Saree,Polyester,Emco textiles,557.32,773.2,118,79,Formal
2021-10-15,Jacket,Polyester,Vasanth textiles,197.77,288.83,183,1,Workwear
2017-05-17,T-shirt,Linen,Vasanth textiles,748.99,1096.09,41,65,Festive
2020-11-01,Shirt,Silk,Vasanth textiles,677.52,772.82,142,99,Formal
2021-08-27,Saree,Wool,Vasanth textiles,577.91,730.64,375,6,Casual
2016-12-21,Blouse piece,Silk,Vasanth textiles,524.15,648.71,401,196,Festive
2020-03-28,Blouse piece,Linen,Emco textiles,490.18,727.57,15,135,Festive
2019-12-03,Saree,Silk,Shree fabrics,545.02,605.26,164,98,Seasonal
2019-07-21,Pants,Polyester,Shree fabrics,273.78,339.78,88,187,Formal
2022-12-05,T-shirt,Linen,Vasanth textiles,462.68,659.36,445,63,Seasonal
2021-04-20,Jacket,Polyester,Shree Ram textiles,902.59,1129.52,402,92,Formal
2021-07-13,Jacket,Cotton,Sri Lakshmi silks,69.65,101.11,14,56,Formal
2017-06-07,Jacket,Cotton,Emco textiles,335.0,446.98,478,162,Formal
2022-07-24,Skirt,Wool,Vasanth textiles,699.2,945.23,60,2,Casual
2017-08-05,Pants,Silk,Vasanth textiles,830.65,983.3,141,91,Festive
2018-06-01,Cotton saree,Wool,Shree fabrics,413.0,541.51,187,47,Casual
2022-03-15,Saree,Wool,Emco textiles,232.38,264.36,431,70,Workwear
2016-11-27,Saree,Polyester,Sri Lakshmi silks,413.57,506.22,165,123,Workwear
2019-05-16,T-shirt,Silk,Shree Ram textiles,144.53,176.83,233,91,Seasonal
2016-11-15,Jacket,Silk,Shree fabrics,512.75,611.09,402,164,Seasonal
2019-12-19,Lungi,Cotton,Sri Lakshmi silks,964.54,1263.07,341,25,Formal
2017-09-27,Churidhar,Silk,Sri Lakshmi silks,535.1,753.7,380,88,Formal
2018-11-30,Jacket,Silk,Vasanth textiles,484.57,673.54,431,134,Casual
2022-07-11,Shirt,Polyester,Emco textiles,378.54,541.75,450,141,Seasonal
2022-06-08,Blouse piece,Linen,Sri Lakshmi silks,156.12,209.48,311,120,Seasonal
2018-02-15,Churidhar,Polyester,Emco textiles,471.65,656.55,239,113,Workwear
2019-11-22,Saree,Wool,Emco textiles,965.36,1403.09,486,52,Festive
2018-06-18,Shirt,Cotton,Sri Lakshmi silks,165.5,214.87,39,7,Casual
2021-01-01,T-shirt,Silk,Emco textiles,876.82,1281.2,336,145,Seasonal
2019-01-24,Cotton saree,Cotton,Shree Ram textiles,585.07,810.85,342,38,Workwear
2022-08-08,Shirt,Silk,Sri Lakshmi silks,179.75,248.72,463,78,Seasonal
2018-09-14,Skirt,Wool,Emco textiles,113.91,140.53,242,159,Formal
2018-02-07,Skirt,Polyester,Shree Ram textiles,959.69,1278.09,228,124,Casual
2019-04-06,T-shirt,Cotton,Shree Ram textiles,793.34,960.72,274,148,Formal
2019-12-28,Lungi,Silk,Emco textiles,29.97,42.53,392,159,Workwear
2019-10-03,Lungi,Wool,Shree fabrics,963.17,1402.72,493,21,Formal
2020-03-22,Saree,Wool,Sri Lakshmi silks,651.82,856.84,223,116,Workwear
2017-09-10,Cotton saree,Polyester,Shree fabrics,783.02,951.36,308,120,Workwear
2017-03-15,Shirt,Polyester,Sri Lakshmi silks,82.12,100.58,102,153,Workwear
2018-11-10,T-shirt,Wool,Emco textiles,729.96,1015.45,421,161,Workwear
2016-07-28,Skirt,Silk,Shree fabrics,368.03,491.13,41,63,Festive
2022-07-06,Shirt,Silk,Sri Lakshmi silks,909.19,1349.56,251,14,Seasonal
2022-06-29,Pants,Polyester,Shree Ram textiles,973.95,1314.6,199,157,Workwear
2020-12-10,Cotton saree,Cotton,Shree fabrics,53.71,68.16,53,95,Workwear
2017-01-28,Pants,Wool,Emco textiles,924.37,1137.49,358,32,Casual
2017-04-03,Skirt,Polyester,Emco textiles,291.15,395.49,304,61,Festive
2021-08-05,Churidhar,Wool,Emco textiles,446.26,506.42,415,124,Festive
2022-05-06,T-shirt,Linen,Shree fabrics,294.96,435.69,91,144,Workwear
2017-10-16,Lungi,Cotton,Shree Ram textiles,519.47,700.7,251,107,Formal
2021-04-25,Pants,Polyester,Vasanth textiles,785.99,980.92,306,196,Festive
2018-01-01,Churidhar,Cotton,Vasanth textiles,436.55,543.03,49,179,Seasonal
2017-08-10,Saree,Wool,Sri Lakshmi silks,94.83,116.49,304,143,Seasonal
2017-05-04,Saree,Silk,Vasanth textiles,56.37,62.81,45,61,Seasonal
2020-09-29,Blouse piece,Polyester,Vasanth textiles,803.62,1141.08,328,176,Workwear
2021-11-24,Lungi,Linen,Shree Ram textiles,68.72,80.03,252,53,Festive
2017-05-05,Pants,Silk,Sri Lakshmi silks,252.84,331.02,468,184,Casual
2018-02-19,Blouse piece,Polyester,Emco textiles,402.51,589.06,211,177,Formal
2017-03-06,Shirt,Polyester,Shree fabrics,361.88,449.31,337,78,Formal
2019-02-26,Pants,Silk,Vasanth textiles,765.98,1071.52,163,82,Festive
2018-07-01,Saree,Cotton,Shree fabrics,890.41,1013.39,451,143,Seasonal
2019-11-28,Churidhar,Cotton,Sri Lakshmi silks,53.78,73.55,204,48,Casual
2017-04-10,Skirt,Polyester,Sri Lakshmi silks,563.63,637.82,387,143,Seasonal
2016-12-22,Blouse piece,Wool,Sri Lakshmi silks,386.72,576.37,383,14,Seasonal
2016-07-20,Pants,Cotton,Emco textiles,854.72,1228.41,438,111,Formal
2019-04-10,Cotton saree,Cotton,Sri Lakshmi silks,94.35,121.07,53,110,Formal
2021-12-16,Shirt,Wool,Vasanth textiles,642.53,945.37,267,132,Formal
2018-12-13,Pants,Linen,Vasanth textiles,145.76,177.59,189,72,Festive
2020-09-07,Blouse piece,Wool,Shree fabrics,998.45,1138.59,430,67,Seasonal
2018-06-04,Jacket,Linen,Sri Lakshmi silks,758.12,1114.34,332,125,Workwear
2022-04-19,Jacket,Polyester,Emco textiles,795.61,998.66,123,71,Casual
2016-05-20,Saree,Linen,Shree fabrics,782.35,900.46,118,157,Casual
2016-02-20,Skirt,Polyester,Shree fabrics,571.71,837.57,338,183,Workwear
2018-06-25,Saree,Silk,Emco textiles,521.35,707.23,36,172,Casual
2022-04-19,Cotton saree,Wool,Emco textiles,253.83,305.67,443,89,Seasonal
2017-02-15,Jacket,Cotton,Sri Lakshmi silks,199.06,222.46,367,65,Formal
2020-08-20,Jacket,Wool,Emco textiles,70.51,86.81,226,199,Casual
2021-10-14,Lungi,Linen,Shree fabrics,111.65,147.81,266,191,Formal
2022-01-17,Cotton saree,Wool,Shree fabrics,273.5,318.83,269,63,Seasonal
2017-01-31,Skirt,Cotton,Shree fabrics,775.41,1142.67,130,13,Formal
2022-10-20,Saree,Polyester,Sri Lakshmi silks,30.71,45.8,398,2,Workwear
2021-07-05,Lungi,Polyester,Vasanth textiles,316.83,444.19,424,167,Seasonal
2016-11-29,Saree,Wool,Emco textiles,493.82,712.86,163,44,Formal
2022-03-09,Blouse piece,Polyester,Shree fabrics,774.28,884.8,372,64,Seasonal
2016-12-23,Cotton saree,Silk,Sri Lakshmi silks,971.01,1339.62,238,107,Seasonal
2018-06-01,Jacket,Cotton,Sri Lakshmi silks,783.9,965.54,43,9,Formal
2021-06-05,Pants,Wool,Sri Lakshmi silks,355.31,532.09,202,127,Seasonal
2016-10-28,Lungi,Polyester,Shree Ram textiles,164.08,218.14,378,48,Formal
2020-03-27,Saree,Polyester,Shree Ram textiles,345.71,415.95,454,106,Seasonal
2022-10-06,Jacket,Polyester,Vasanth textiles,741.86,1089.4,27,26,Festive
2022-04-03,Blouse piece,Cotton,Shree fabrics,25.35,32.95,25,76,Workwear
2016-11-10,Shirt,Polyester,Shree fabrics,872.2,1084.96,364,178,Casual
2022-08-11,Saree,Wool,Shree Ram textiles,885.59,1327.75,209,104,Festive
2021-11-02,Pants,Polyester,Shree Ram textiles,849.88,1133.68,237,167,Festive
2018-01-09,T-shirt,Cotton,Shree Ram textiles,83.08,111.11,374,98,Casual
2017-08-30,Jacket,Polyester,Shree fabrics,721.55,817.52,355,64,Seasonal
2020-12-06,Shirt,Silk,Shree fabrics,527.59,587.22,174,196,Workwear
2020-08-07,Pants,Polyester,Shree fabrics,856.46,1119.53,108,10,Casual
2018-04-22,Skirt,Cotton,Shree Ram textiles,147.99,190.21,295,42,Casual
2022-01-22,Skirt,Linen,Emco textiles,163.59,189.78,413,159,Festive
2022-10-08,Skirt,Cotton,Shree Ram textiles,313.85,366.75,116,122,Seasonal
2022-06-05,Jacket,Silk,Vasanth textiles,77.92,92.24,404,115,Formal
2021-10-31,Cotton saree,Cotton,Vasanth textiles,158.64,200.9,473,22,Formal
2020-05-01,Blouse piece,Wool,Emco textiles,332.7,473.74,343,195,Festive
2017-09-21,Pants,Linen,Vasanth textiles,661.92,905.84,188,149,Seasonal
2022-09-12,Cotton saree,Linen,Emco textiles,736.69,900.63,241,57,Casual
2019-09-26,Cotton saree,Polyester,Shree fabrics,750.99,1106.63,145,67,Festive
2020-07-09,Saree,Wool,Vasanth textiles,688.83,914.7,368,79,Formal
2021-11-09,Blouse piece,Wool,Shree fabrics,834.04,1227.48,54,110,Casual
2022-08-11,Churidhar,Cotton,Emco textiles,554.66,679.48,226,128,Festive
2019-02-08,Saree,Cotton,Sri Lakshmi silks,396.44,578.59,387,102,Seasonal
2017-05-24,Jacket,Silk,Vasanth textiles,920.28,1335.99,203,64,Formal
2017-01-10,Pants,Linen,Shree Ram textiles,103.57,127.56,183,190,Casual
2020-09-09,Shirt,Linen,Shree Ram textiles,186.99,212.41,199,138,Formal
2022-03-16,Churidhar,Wool,Emco textiles,976.54,1407.78,18,93,Festive
2021-11-06,Jacket,Cotton,Emco textiles,496.13,624.23,341,150,Casual
2016-04-26,Pants,Cotton,Shree fabrics,308.06,398.13,286,86,Seasonal
2019-05-24,Cotton saree,Linen,Emco textiles,371.77,467.79,37,132,Seasonal
2018-08-09,Cotton saree,Polyester,Shree Ram textiles,391.64,485.41,264,71,Seasonal
2018-09-14,Blouse piece,Silk,Shree Ram textiles,503.74,708.29,240,79,Festive
2017-03-07,Lungi,Cotton,Shree Ram textiles,908.02,1325.2,439,166,Formal
2016-10-18,Churidhar,Linen,Sri Lakshmi silks,290.43,415.6,55,13,Formal
2018-05-21,Skirt,Linen,Emco textiles,209.3,291.36,240,98,Formal
2020-04-10,Jacket,Silk,Shree Ram textiles,525.33,757.33,487,183,Seasonal
2021-04-10,Pants,Wool,Emco textiles,533.85,745.53,345,126,Casual
2017-04-04,Shirt,Polyester,Shree Ram textiles,779.24,991.16,348,31,Formal
2016-12-20,Lungi,Polyester,Shree fabrics,209.43,287.26,499,182,Festive
2022-10-09,Jacket,Polyester,Emco textiles,992.82,1248.67,377,57,Festive
2022-07-11,Blouse piece,Silk,Sri Lakshmi silks,534.12,624.82,324,130,Workwear
2019-01-22,Blouse piece,Wool,Sri Lakshmi silks,758.14,1076.35,373,154,Festive
2018-03-05,Pants,Silk,Vasanth textiles,776.25,936.84,294,197,Workwear
2017-06-10,Cotton saree,Silk,Shree fabrics,867.95,1292.98,314,17,Workwear
2022-10-21,Lungi,Polyester,Shree Ram textiles,644.51,910.17,198,92,Festive
2017-07-11,Lungi,Silk,Shree fabrics,423.65,631.51,59,82,Casual
2022-04-07,Cotton saree,Wool,Sri Lakshmi silks,254.69,361.65,446,142,Festive
2021-10-18,Churidhar,Polyester,Shree Ram textiles,296.92,342.82,439,189,Formal
2018-08-27,Saree,Silk,Shree Ram textiles,897.45,1189.18,403,35,Casual
2019-03-02,Shirt,Cotton,Shree fabrics,414.28,596.03,400,79,Festive
2018-04-16,Lungi,Cotton,Vasanth textiles,303.05,449.03,148,106,Formal
2022-07-27,Saree,Wool,Shree fabrics,700.33,1033.12,358,111,Workwear
2021-10-23,Pants,Silk,Sri Lakshmi silks,972.57,1123.16,137,93,Seasonal
2017-06-26,Pants,Cotton,Emco textiles,832.54,926.38,433,195,Formal
2021-08-24,Pants,Wool,Shree Ram textiles,685.38,768.48,464,60,Festive
2016-04-15,T-shirt,Wool,Sri Lakshmi silks,704.5,824.64,198,54,Festive
2019-05-02,T-shirt,Linen,Emco textiles,480.68,614.43,467,24,Seasonal
2016-07-14,Blouse piece,Cotton,Shree fabrics,660.4,804.95,182,141,Workwear
2017-09-09,Pants,Cotton,Shree Ram textiles,814.52,900.41,139,27,Festive
2020-12-10,Churidhar,Polyester,Shree Ram textiles,83.94,112.2,408,102,Festive
2021-05-22,Shirt,Polyester,Shree Ram textiles,534.68,639.13,401,177,Festive
2017-04-26,Pants,Cotton,Sri Lakshmi silks,699.59,974.8,247,37,Seasonal
2020-06-29,Churidhar,Silk,Emco textiles,323.84,447.01,198,106,Festive
2020-12-25,T-shirt,Polyester,Emco textiles,867.43,1299.67,283,146,Casual
2021-10-07,Skirt,Silk,Emco textiles,320.29,461.82,367,28,Seasonal
2017-10-11,Lungi,Polyester,Shree Ram textiles,278.22,376.61,89,12,Workwear
2020-04-11,Saree,Cotton,Vasanth textiles,460.64,592.34,211,27,Workwear
2019-03-07,T-shirt,Silk,Emco textiles,698.59,893.86,44,145,Workwear
2022-06-06,Skirt,Silk,Shree fabrics,279.06,373.71,127,35,Festive
2019-06-01,Saree,Polyester,Sri Lakshmi silks,608.85,811.15,111,131,Seasonal
2018-07-27,Saree,Cotton,Shree Ram textiles,605.68,885.89,347,49,Seasonal
2020-04-05,Pants,Cotton,Vasanth textiles,717.33,850.88,191,64,Festive
2022-11-21,Churidhar,Cotton,Emco textiles,577.34,839.88,400,66,Formal
2022-10-10,Cotton saree,Linen,Sri Lakshmi silks,114.39,126.09,138,156,Formal
2022-01-16,Skirt,Linen,Shree Ram textiles,719.05,799.94,378,198,Seasonal
2022-02-06,Cotton saree,Wool,Emco textiles,464.5,605.26,273,9,Seasonal
2020-05-30,Cotton saree,Cotton,Vasanth textiles,973.02,1401.05,198,8,Casual
2020-06-28,Blouse piece,Wool,Emco textiles,593.07,727.33,29,29,Casual
2022-08-04,Jacket,Polyester,Shree Ram textiles,708.09,791.31,79,97,Festive
2018-10-25,Blouse piece,Wool,Shree Ram textiles,548.62,692.2,397,154,Workwear
2017-02-20,Pants,Cotton,Shree Ram textiles,520.43,646.87,427,130,Formal
2018-08-27,Lungi,Wool,Vasanth textiles,624.61,855.16,216,74,Formal
2019-06-19,Skirt,Polyester,Shree fabrics,753.6,898.14,482,67,Seasonal
2016-03-24,Shirt,Cotton,Shree Ram textiles,104.54,144.04,347,42,Festive
2021-02-01,Churidhar,Wool,Shree fabrics,616.33,735.29,425,199,Festive
2020-02-21,Pants,Polyester,Shree Ram textiles,310.93,432.61,273,169,Seasonal
2019-05-09,Pants,Silk,Emco textiles,130.65,191.38,351,13,Formal
2020-03-04,Shirt,Cotton,Sri Lakshmi silks,580.68,857.0,171,100,Festive
2019-03-23,Shirt,Cotton,Emco textiles,588.97,864.97,53,172,Casual
2022-06-17,T-shirt,Wool,Emco textiles,302.97,419.93,234,64,Festive
2016-12-14,Pants,Polyester,Shree fabrics,519.99,696.35,412,117,Workwear
2018-02-09,Saree,Wool,Shree Ram textiles,516.93,741.53,374,93,Formal
2022-07-18,Jacket,Silk,Emco textiles,698.07,779.28,83,121,Workwear
2020-08-06,Churidhar,Wool,Sri Lakshmi silks,994.02,1482.27,233,51,Casual
2021-02-21,Pants,Cotton,Sri Lakshmi silks,334.81,374.28,26,52,Festive
2018-04-14,Shirt,Wool,Shree Ram textiles,239.01,293.09,367,137,Formal
2021-08-15,Churidhar,Polyester,Shree fabrics,525.47,720.23,163,11,Festive
2016-06-09,Shirt,Silk,Emco textiles,624.82,841.39,299,32,Festive
2016-07-11,Blouse piece,Linen,Sri Lakshmi silks,212.31,270.96,397,109,Seasonal
2021-09-16,Cotton saree,Polyester,Shree fabrics,912.21,1102.06,462,111,Workwear
2018-02-23,Shirt,Cotton,Shree fabrics,158.97,193.48,50,168,Festive
2022-05-14,Skirt,Wool,Sri Lakshmi silks,772.68,1133.32,351,102,Seasonal
2016-05-19,Shirt,Polyester,Sri Lakshmi silks,901.55,1281.7,408,188,Workwear
2018-10-08,Lungi,Polyester,Shree Ram textiles,751.1,993.44,295,27,Formal
2020-06-03,Jacket,Silk,Shree fabrics,945.58,1096.73,416,21,Casual
2017-10-05,Lungi,Cotton,Vasanth textiles,43.72,62.44,64,33,Formal
2022-01-04,Shirt,Cotton,Sri Lakshmi silks,784.44,867.66,266,110,Seasonal
2021-08-20,Shirt,Silk,Shree Ram textiles,205.62,269.67,250,153,Casual
2017-10-19,Churidhar,Cotton,Vasanth textiles,949.45,1336.0,311,19,Casual
2019-10-14,Blouse piece,Linen,Emco textiles,206.64,256.4,195,121,Festive
2018-09-26,T-shirt,Cotton,Emco textiles,825.88,923.31,276,29,Casual
2017-10-23,Jacket,Polyester,Vasanth textiles,612.15,690.72,113,164,Workwear
2021-12-13,Shirt,Silk,Vasanth textiles,537.24,636.49,311,37,Seasonal
2018-08-08,Saree,Cotton,Sri Lakshmi silks,112.18,166.65,98,178,Formal
2019-12-14,Churidhar,Polyester,Shree fabrics,567.6,644.68,486,117,Seasonal
2018-04-10,Jacket,Cotton,Emco textiles,526.89,692.06,347,58,Casual
2020-08-17,Pants,Cotton,Sri Lakshmi silks,685.98,843.62,135,32,Festive
2022-04-11,Churidhar,Wool,Shree fabrics,785.78,1107.62,266,170,Seasonal
2019-06-30,Blouse piece,Polyester,Shree Ram textiles,747.4,1048.35,100,167,Formal
2017-02-07,Skirt,Polyester,Emco textiles,387.55,509.54,421,197,Workwear
2019-10-20,Blouse piece,Polyester,Shree Ram textiles,25.07,29.67,245,179,Casual
2017-09-16,Skirt,Cotton,Vasanth textiles,912.29,1162.02,105,76,Festive
2017-11-14,Pants,Wool,Shree fabrics,673.13,788.85,30,106,Casual
2021-02-07,Saree,Polyester,Shree fabrics,917.63,1339.15,428,103,Casual
2016-02-04,Blouse piece,Wool,Vasanth textiles,121.07,136.86,203,184,Workwear
2016-09-19,T-shirt,Wool,Sri Lakshmi silks,291.36,410.98,310,104,Casual
2022-11-29,Pants,Wool,Shree Ram textiles,491.13,703.62,410,92,Formal
2018-11-08,Skirt,Cotton,Shree Ram textiles,916.55,1323.56,124,92,Seasonal
2018-11-16,Skirt,Polyester,Emco textiles,334.72,497.92,135,110,Festive
2016-05-24,T-shirt,Linen,Shree fabrics,891.53,1307.22,69,100,Festive
2019-07-28,Skirt,Silk,Vasanth textiles,814.17,927.72,437,86,Formal
2020-04-22,Pants,Silk,Shree Ram textiles,887.03,1288.74,297,6,Formal
2017-12-13,Jacket,Linen,Shree fabrics,501.44,553.57,453,154,Casual
2020-07-31,Shirt,Polyester,Sri Lakshmi silks,78.42,100.51,179,48,Formal
2022-02-05,Skirt,Wool,Shree fabrics,601.22,776.65,200,154,Workwear
2022-09-10,Lungi,Silk,Shree fabrics,865.49,1003.51,99,1,Casual
2018-09-05,Churidhar,Silk,Shree Ram textiles,989.66,1149.29,37,56,Formal
2020-11-11,Cotton saree,Silk,Emco textiles,464.11,599.9,267,92,Seasonal
2022-07-16,Churidhar,Silk,Shree Ram textiles,473.7,591.87,241,48,Casual
2017-04-29,Lungi,Polyester,Emco textiles,870.36,1057.85,48,55,Seasonal
2018-02-03,Skirt,Silk,Sri Lakshmi silks,84.0,117.65,184,184,Seasonal
2020-10-29,Saree,Silk,Shree Ram textiles,107.95,140.31,484,185,Festive
2017-06-25,Cotton saree,Cotton,Sri Lakshmi silks,971.51,1366.83,330,56,Seasonal
2016-07-21,Pants,Polyester,Sri Lakshmi silks,416.02,481.41,400,34,Workwear
2018-05-23,Lungi,Polyester,Vasanth textiles,165.31,199.02,189,108,Workwear
2021-06-06,Skirt,Wool,Shree Ram textiles,476.56,687.01,463,192,Workwear
2022-01-07,Skirt,Linen,Shree Ram textiles,429.02,477.73,153,29,Seasonal
2017-01-19,Saree,Linen,Vasanth textiles,124.98,148.75,186,165,Festive
2016-07-27,Shirt,Polyester,Sri Lakshmi silks,124.04,155.53,408,117,Festive
2016-08-19,Lungi,Linen,Sri Lakshmi silks,929.49,1188.44,80,194,Casual
2016-05-23,Shirt,Silk,Shree fabrics,556.74,631.95,66,158,Festive
2022-09-14,Jacket,Silk,Shree Ram textiles,641.37,826.02,354,185,Seasonal
2018-12-15,Lungi,Linen,Emco textiles,730.36,877.9,16,118,Festive
2022-03-26,Saree,Linen,Vasanth textiles,963.2,1307.75,463,192,Festive
2018-10-05,Saree,Linen,Shree Ram textiles,538.36,610.35,156,19,Festive
2018-03-03,Pants,Wool,Sri Lakshmi silks,493.02,612.67,198,14,Workwear
2016-03-09,Lungi,Linen,Shree fabrics,202.66,223.0,272,120,Seasonal
2020-11-04,Cotton saree,Silk,Shree fabrics,892.03,1148.24,290,154,Casual
2018-06-15,Saree,Linen,Sri Lakshmi silks,653.89,756.93,386,126,Festive
2021-08-06,T-shirt,Linen,Shree Ram textiles,944.35,1195.7,288,118,Festive
2018-08-22,Cotton saree,Cotton,Shree Ram textiles,297.23,421.04,237,12,Festive
2017-01-23,Churidhar,Wool,Vasanth textiles,535.65,649.0,177,123,Formal
2019-09-26,Jacket,Linen,Vasanth textiles,340.94,395.32,424,170,Seasonal
2016-10-21,Cotton saree,Wool,Shree Ram textiles,631.04,865.34,67,155,Seasonal
2020-07-14,Skirt,Wool,Emco textiles,522.87,608.38,122,90,Seasonal
2021-05-23,Pants,Wool,Vasanth textiles,542.64,674.99,497,13,Casual
2021-12-30,Pants,Polyester,Shree Ram textiles,304.64,383.07,343,78,Festive
2017-06-29,Blouse piece,Polyester,Emco textiles,786.19,1017.17,61,115,Casual
2018-11-29,Cotton saree,Wool,Emco textiles,351.96,447.95,198,111,Seasonal
2021-08-14,Shirt,Cotton,Shree fabrics,377.53,543.01,267,33,Formal
2018-11-08,Lungi,Cotton,Sri Lakshmi silks,796.35,1177.02,209,1,Festive
2022-07-21,Churidhar,Linen,Shree Ram textiles,635.81,948.31,277,159,Workwear
2020-04-03,Jacket,Cotton,Emco textiles,785.93,1106.15,150,157,Formal
2017-03-05,Shirt,Linen,Shree fabrics,191.41,256.34,265,109,Seasonal
2021-06-13,Cotton saree,Wool,Emco textiles,473.27,593.04,449,44,Formal
2020-08-07,Saree,Wool,Shree Ram textiles,915.31,1072.5,79,9,Workwear
2017-06-12,Shirt,Silk,Vasanth textiles,903.57,1074.62,428,169,Workwear
2021-01-22,Jacket,Polyester,Vasanth textiles,991.0,1328.19,267,65,Workwear
2019-03-20,Jacket,Polyester,Shree Ram textiles,862.87,1128.06,36,113,Seasonal
2019-09-16,Blouse piece,Linen,Emco textiles,564.69,788.02,497,34,Seasonal
2016-02-18,Jacket,Polyester,Vasanth textiles,837.56,1226.47,363,141,Formal
2018-04-07,Saree,Cotton,Shree fabrics,550.24,616.23,364,58,Formal
2019-06-01,Blouse piece,Polyester,Shree Ram textiles,701.95,920.9,343,114,Casual
2016-06-08,Cotton saree,Polyester,Emco textiles,483.15,631.47,498,163,Festive
2020-03-30,Lungi,Cotton,Shree Ram textiles,103.55,128.67,98,179,Casual
2021-12-27,Skirt,Polyester,Emco textiles,853.3,990.77,403,39,Festive
2017-07-07,Cotton saree,Linen,Sri Lakshmi silks,720.93,1058.56,54,181,Casual
2018-07-03,Saree,Silk,Sri Lakshmi silks,669.65,925.87,95,75,Casual
2017-10-30,Lungi,Silk,Sri Lakshmi silks,399.8,557.47,397,108,Festive
2017-07-14,Saree,Wool,Shree fabrics,842.61,1253.31,264,123,Festive
2016-04-03,Jacket,Wool,Shree fabrics,869.39,1181.81,214,79,Casual
2018-09-14,Churidhar,Wool,Sri Lakshmi silks,234.06,306.85,493,119,Festive
2016-03-28,Saree,Silk,Sri Lakshmi silks,280.59,310.04,70,183,Seasonal
2019-11-13,T-shirt,Cotton,Shree fabrics,441.59,633.18,447,72,Workwear
2016-02-28,Skirt,Wool,Shree Ram textiles,196.97,217.74,448,132,Casual
2022-10-07,T-shirt,Wool,Shree fabrics,931.49,1267.29,261,76,Casual
2016-11-16,Saree,Cotton,Shree fabrics,528.14,651.2,271,189,Casual
2019-07-06,Skirt,Silk,Sri Lakshmi silks,228.39,273.62,41,193,Workwear
2022-04-30,Shirt,Silk,Shree Ram textiles,862.51,1285.07,329,57,Casual
2017-07-10,Cotton saree,Linen,Vasanth textiles,817.3,1035.71,300,8,Seasonal
2022-04-06,Skirt,Linen,Vasanth textiles,24.59,29.92,485,65,Seasonal
2018-09-28,Lungi,Silk,Shree Ram textiles,816.63,1160.93,422,150,Festive
2021-07-14,Saree,Silk,Emco textiles,325.9,376.77,138,137,Festive
2017-10-18,Churidhar,Polyester,Vasanth textiles,106.93,149.5,59,111,Workwear
2016-08-23,Churidhar,Cotton,Shree fabrics,351.7,447.15,314,14,Festive
2017-02-06,Skirt,Cotton,Shree Ram textiles,708.83,962.63,256,94,Casual
2019-06-03,Churidhar,Wool,Emco textiles,156.5,198.98,219,128,Formal
2020-08-26,Skirt,Cotton,Emco textiles,821.28,1180.21,61,31,Casual
2022-08-29,T-shirt,Cotton,Shree fabrics,465.1,685.67,122,171,Festive
2016-06-29,Saree,Wool,Shree fabrics,606.35,883.4,490,95,Workwear
2017-12-27,T-shirt,Polyester,Shree fabrics,787.95,1142.71,310,40,Casual
2022-03-05,Pants,Polyester,Sri Lakshmi silks,91.38,130.6,421,160,Formal
2021-12-05,Shirt,Polyester,Emco textiles,904.97,1159.54,274,169,Seasonal
2016-09-23,Shirt,Linen,Shree fabrics,757.32,932.47,165,64,Formal
2019-07-25,Saree,Wool,Sri Lakshmi silks,732.03,1043.72,76,6,Festive
2022-05-13,Blouse piece,Wool,Emco textiles,684.19,901.66,242,48,Workwear
2019-02-20,Churidhar,Cotton,Shree Ram textiles,730.65,1077.9,267,109,Seasonal
2016-05-09,Churidhar,Silk,Shree fabrics,210.6,273.53,132,51,Formal
2020-07-15,Blouse piece,Silk,Emco textiles,230.83,304.81,170,192,Seasonal
2019-04-25,T-shirt,Linen,Shree Ram textiles,968.07,1312.1,392,52,Workwear
2016-02-20,Cotton saree,Cotton,Vasanth textiles,947.32,1354.99,247,17,Workwear
2018-07-15,Saree,Linen,Sri Lakshmi silks,336.49,445.22,15,124,Seasonal
2017-07-06,Churidhar,Linen,Shree Ram textiles,83.25,112.17,323,189,Festive
2020-09-26,Churidhar,Silk,Sri Lakshmi silks,507.93,743.24,453,107,Seasonal
2017-11-01,Churidhar,Wool,Shree fabrics,567.79,751.3,100,81,Casual
2018-10-02,Saree,Wool,Sri Lakshmi silks,161.82,190.93,205,179,Seasonal
2016-03-15,Pants,Linen,Vasanth textiles,960.27,1242.97,448,23,Formal
2018-05-16,Lungi,Polyester,Shree Ram textiles,781.93,1032.44,322,58,Workwear
2020-12-06,Skirt,Wool,Sri Lakshmi silks,758.81,1052.82,376,12,Seasonal
2018-07-27,Pants,Silk,Sri Lakshmi silks,243.45,307.61,259,138,Formal
2017-08-09,Blouse piece,Cotton,Shree Ram textiles,111.22,141.13,98,67,Casual
2016-02-27,Cotton saree,Polyester,Shree fabrics,854.8,1229.94,347,70,Workwear
2018-09-26,T-shirt,Polyester,Shree fabrics,853.33,1203.4,25,65,Seasonal
2016-02-19,Jacket,Cotton,Shree Ram textiles,78.67,116.8,51,74,Casual
2020-11-17,Jacket,Linen,Shree fabrics,311.63,415.4,54,84,Workwear
2020-09-11,Pants,Linen,Vasanth textiles,122.9,169.39,195,46,Seasonal
2018-12-22,Churidhar,Wool,Shree Ram textiles,476.8,680.5,200,153,Seasonal
2019-06-19,Jacket,Polyester,Sri Lakshmi silks,584.57,809.26,202,93,Festive
2019-06-07,Shirt,Polyester,Vasanth textiles,947.01,1292.14,390,124,Casual
2022-07-29,Pants,Linen,Vasanth textiles,391.27,512.12,408,181,Casual
2021-04-02,Jacket,Polyester,Vasanth textiles,884.25,1169.07,199,31,Workwear
2016-06-04,T-shirt,Cotton,Shree fabrics,226.6,317.63,409,113,Workwear
2018-12-19,Pants,Wool,Shree Ram textiles,430.85,577.47,179,21,Formal
2018-10-07,Churidhar,Silk,Shree fabrics,481.91,560.16,388,14,Festive
2020-05-11,T-shirt,Polyester,Emco textiles,208.2,301.84,445,78,Casual
2018-10-14,Churidhar,Silk,Sri Lakshmi silks,444.12,504.62,410,110,Seasonal
2017-07-26,Lungi,Silk,Emco textiles,75.46,106.6,79,111,Festive
2021-07-04,T-shirt,Linen,Emco textiles,106.33,150.4,200,178,Festive
2020-03-03,T-shirt,Polyester,Emco textiles,851.72,1181.94,308,50,Festive
2017-08-14,Blouse piece,Wool,Vasanth textiles,363.09,523.63,300,47,Casual
2019-03-25,Blouse piece,Cotton,Vasanth textiles,400.1,474.06,416,103,Workwear
2016-07-15,Saree,Linen,Emco textiles,366.69,449.46,93,147,Formal
2019-11-19,Jacket,Wool,Vasanth textiles,111.47,153.52,143,95,Festive
2017-07-22,Blouse piece,Polyester,Sri Lakshmi silks,985.38,1323.93,93,108,Casual
2016-10-02,Shirt,Linen,Vasanth textiles,551.39,791.25,125,177,Casual
2019-03-07,Shirt,Wool,Sri Lakshmi silks,355.8,528.22,244,111,Workwear
2021-08-20,T-shirt,Wool,Sri Lakshmi silks,707.19,900.37,173,129,Seasonal
2018-10-26,T-shirt,Wool,Emco textiles,838.19,1199.36,227,128,Workwear
2021-12-13,Pants,Cotton,Vasanth textiles,129.24,191.74,78,67,Casual
2019-10-14,Skirt,Linen,Vasanth textiles,888.01,1080.6,308,195,Seasonal
2019-07-15,Shirt,Silk,Vasanth textiles,930.45,1279.4,132,17,Seasonal
2018-03-10,Pants,Polyester,Sri Lakshmi silks,597.85,706.53,197,173,Seasonal
2016-10-25,Lungi,Silk,Sri Lakshmi silks,129.89,148.94,401,53,Workwear
2017-05-23,Churidhar,Polyester,Sri Lakshmi silks,928.84,1179.62,483,23,Casual
2022-02-20,Blouse piece,Linen,Vasanth textiles,844.38,1208.72,372,176,Festive
2022-09-18,Skirt,Wool,Shree Ram textiles,172.21,246.1,373,24,Festive
2021-05-10,Shirt,Silk,Sri Lakshmi silks,946.27,1094.16,123,48,Seasonal
2017-12-12,Churidhar,Linen,Emco textiles,891.79,1002.53,153,78,Casual
2022-10-20,T-shirt,Linen,Sri Lakshmi silks,177.11,260.52,69,66,Seasonal
2020-05-23,Saree,Silk,Sri Lakshmi silks,534.04,660.91,256,35,Workwear
2019-03-21,T-shirt,Polyester,Shree fabrics,336.05,411.25,433,93,Workwear
2019-05-15,Cotton saree,Silk,Sri Lakshmi silks,158.27,195.81,443,130,Casual
2021-08-24,Pants,Linen,Shree fabrics,56.46,72.0,426,6,Casual
2022-08-12,T-shirt,Wool,Vasanth textiles,670.41,790.82,159,59,Casual
2018-11-21,Shirt,Wool,Emco textiles,446.02,619.62,145,116,Festive
2016-08-30,Skirt,Linen,Shree fabrics,954.71,1403.95,105,106,Workwear
2018-04-12,Churidhar,Wool,Sri Lakshmi silks,135.07,182.27,126,178,Seasonal
2021-10-15,T-shirt,Cotton,Sri Lakshmi silks,952.82,1140.73,74,29,Formal
2020-02-17,Cotton saree,Polyester,Shree fabrics,107.16,155.0,499,110,Casual
2022-11-16,Cotton saree,Polyester,Emco textiles,212.98,248.04,75,17,Casual
2019-01-09,Skirt,Linen,Shree fabrics,856.1,1103.78,92,59,Workwear
2017-02-13,Pants,Cotton,Shree Ram textiles,290.3,384.49,384,197,Seasonal
2022-05-03,Blouse piece,Wool,Vasanth textiles,474.08,540.99,442,133,Festive
2020-09-08,Pants,Wool,Shree Ram textiles,343.02,397.6,430,160,Casual
2019-08-22,Saree,Silk,Shree fabrics,43.43,58.99,262,162,Formal
2022-10-31,Pants,Cotton,Sri Lakshmi silks,69.66,81.28,52,162,Seasonal
2020-04-16,Churidhar,Cotton,Sri Lakshmi silks,56.02,70.64,395,21,Casual
2021-10-18,Jacket,Wool,Emco textiles,227.8,271.63,320,171,Workwear
2018-08-10,Shirt,Silk,Shree fabrics,649.48,783.39,276,108,Casual
2019-02-05,Jacket,Cotton,Shree Ram textiles,162.57,237.48,89,11,Casual
2022-08-25,Pants,Wool,Vasanth textiles,971.19,1093.09,445,186,Formal
2020-01-20,Shirt,Polyester,Shree fabrics,166.44,234.28,460,149,Festive
2018-09-08,T-shirt,Cotton,Emco textiles,614.92,885.31,433,183,Formal
2016-11-05,Blouse piece,Cotton,Vasanth textiles,812.9,1103.8,426,134,Workwear
2017-12-02,Pants,Linen,Shree Ram textiles,487.36,619.53,344,163,Festive
2021-07-01,Shirt,Polyester,Vasanth textiles,531.8,676.26,47,80,Formal
2018-03-07,Cotton saree,Wool,Emco textiles,894.6,1277.76,125,14,Festive
2020-08-07,Saree,Linen,Sri Lakshmi silks,244.36,336.81,197,6,Casual
2019-12-22,Saree,Silk,Emco textiles,657.92,802.76,319,164,Workwear
2022-01-11,Jacket,Wool,Shree Ram textiles,282.99,341.32,324,161,Casual
2018-06-21,Jacket,Linen,Shree fabrics,725.41,1024.57,344,104,Seasonal
2020-05-30,Lungi,Polyester,Shree fabrics,816.99,1110.27,479,17,Formal
2021-01-09,Pants,Cotton,Emco textiles,995.75,1448.86,488,61,Festive
2022-10-23,Churidhar,Polyester,Emco textiles,871.44,1258.91,58,119,Casual
2018-11-29,T-shirt,Wool,Sri Lakshmi silks,886.38,1230.6,86,137,Festive
2022-07-13,Jacket,Wool,Shree Ram textiles,285.59,398.54,350,169,Festive
2018-04-17,Blouse piece,Silk,Shree fabrics,854.19,1072.85,58,176,Workwear
2020-11-02,Shirt,Silk,Sri Lakshmi silks,475.9,650.31,308,89,Casual
2019-03-08,Saree,Cotton,Sri Lakshmi silks,96.15,139.7,161,66,Festive
2016-12-01,Cotton saree,Wool,Shree fabrics,30.78,42.52,429,54,Festive
2016-08-23,Blouse piece,Wool,Sri Lakshmi silks,163.79,181.45,113,92,Formal
2022-02-18,Lungi,Linen,Sri Lakshmi silks,838.18,1123.66,438,68,Festive
2020-03-17,Shirt,Linen,Shree fabrics,859.81,992.77,495,45,Festive
2016-07-21,Blouse piece,Polyester,Emco textiles,25.69,31.72,28,165,Casual
2018-04-10,Shirt,Cotton,Vasanth textiles,578.29,855.33,483,19,Festive
2022-06-07,Skirt,Polyester,Vasanth textiles,967.72,1123.11,391,196,Formal
2021-03-23,Pants,Cotton,Vasanth textiles,805.46,997.9,222,47,Seasonal
2020-04-06,Skirt,Linen,Sri Lakshmi silks,629.23,860.88,395,86,Festive
2022-04-21,Saree,Cotton,Shree Ram textiles,747.36,1103.73,104,103,Formal
2017-02-27,Skirt,Linen,Shree fabrics,65.8,94.03,35,47,Seasonal
2016-03-31,Jacket,Wool,Shree fabrics,288.72,336.85,53,110,Workwear
2022-01-28,Cotton saree,Cotton,Shree Ram textiles,727.94,822.0,397,137,Workwear
2019-08-06,Blouse piece,Cotton,Sri Lakshmi silks,193.53,241.78,346,171,Festive
2016-03-12,Skirt,Wool,Shree fabrics,836.08,1146.85,496,44,Formal
2016-02-17,Pants,Polyester,Emco textiles,720.72,955.55,294,107,Casual
2020-04-07,Pants,Linen,Sri Lakshmi silks,113.59,158.38,385,118,Seasonal
2016-07-06,T-shirt,Wool,Vasanth textiles,737.01,919.6,119,112,Workwear
2018-01-12,Churidhar,Polyester,Emco textiles,396.16,521.04,484,102,Festive
2022-11-14,Blouse piece,Linen,Sri Lakshmi silks,932.56,1053.97,392,116,Formal
2021-11-12,Pants,Polyester,Vasanth textiles,811.16,1050.8,204,96,Seasonal
2019-11-17,Churidhar,Wool,Shree fabrics,673.37,998.42,369,1,Workwear
2022-07-19,T-shirt,Wool,Sri Lakshmi silks,821.5,1185.66,486,178,Festive
2018-02-08,Saree,Linen,Shree fabrics,699.89,963.5,412,66,Formal
2018-11-29,Blouse piece,Silk,Vasanth textiles,862.89,1137.5,432,194,Casual
2018-08-02,Churidhar,Cotton,Sri Lakshmi silks,784.36,1065.73,153,111,Festive
2019-12-13,Shirt,Linen,Emco textiles,536.7,649.98,390,55,Casual
2019-02-25,Saree,Polyester,Emco textiles,286.06,371.13,347,168,Festive
2017-01-28,Skirt,Silk,Vasanth textiles,953.41,1225.07,264,61,Seasonal
2018-11-26,Cotton saree,Cotton,Vasanth textiles,114.8,134.97,178,7,Formal
2019-01-20,Churidhar,Wool,Sri Lakshmi silks,214.1,253.14,464,65,Festive
2022-05-01,Blouse piece,Linen,Emco textiles,253.51,360.36,346,140,Seasonal
2021-07-17,Cotton saree,Wool,Sri Lakshmi silks,482.16,669.21,313,81,Festive
2018-05-09,T-shirt,Linen,Vasanth textiles,268.66,295.77,324,76,Seasonal
2019-02-02,Saree,Silk,Emco textiles,366.0,442.45,448,107,Seasonal
2021-06-25,Cotton saree,Wool,Shree Ram textiles,782.55,1117.01,347,123,Workwear
2018-03-29,Blouse piece,Linen,Shree fabrics,791.09,1139.34,46,149,Casual
2020-01-29,Shirt,Silk,Sri Lakshmi silks,381.84,525.81,449,192,Workwear
2018-07-25,Lungi,Cotton,Emco textiles,946.22,1410.27,180,11,Seasonal
2022-05-28,Saree,Polyester,Sri Lakshmi silks,682.68,836.02,374,127,Formal
2017-03-17,Pants,Wool,Shree Ram textiles,332.78,487.26,261,180,Workwear
2021-02-01,Saree,Silk,Sri Lakshmi silks,722.0,957.24,248,62,Seasonal
2019-10-13,Lungi,Polyester,Shree Ram textiles,890.43,1213.36,307,141,Seasonal
2021-06-20,Churidhar,Polyester,Shree Ram textiles,438.51,569.35,84,46,Seasonal
2018-02-17,Lungi,Cotton,Shree fabrics,556.33,807.89,247,111,Seasonal
2017-01-27,Jacket,Linen,Vasanth textiles,241.97,281.58,424,175,Festive
2018-04-16,Shirt,Wool,Shree Ram textiles,874.98,1181.67,46,89,Seasonal
2018-02-28,Cotton saree,Silk,Emco textiles,672.76,753.24,199,7,Casual
2017-10-02,Shirt,Cotton,Sri Lakshmi silks,740.54,931.31,194,65,Seasonal
2021-02-18,Saree,Cotton,Emco textiles,621.19,824.61,448,117,Festive
2016-10-05,Skirt,Linen,Emco textiles,906.41,1100.48,19,131,Seasonal
2022-02-20,T-shirt,Silk,Sri Lakshmi silks,85.23,121.6,328,172,Festive
2017-09-04,Pants,Linen,Vasanth textiles,915.3,1052.78,499,88,Formal
2017-11-23,Shirt,Silk,Vasanth textiles,250.81,290.96,327,126,Workwear
2019-09-25,Saree,Silk,Shree fabrics,662.33,855.38,306,176,Casual
2022-04-01,Skirt,Linen,Shree Ram textiles,699.94,981.13,381,67,Seasonal
2016-03-16,Jacket,Wool,Sri Lakshmi silks,160.42,209.53,157,74,Formal
2021-01-15,Jacket,Linen,Sri Lakshmi silks,253.21,375.05,52,76,Seasonal
2019-03-24,Skirt,Polyester,Sri Lakshmi silks,375.03,518.38,38,46,Formal
2017-05-22,Shirt,Linen,Vasanth textiles,857.67,1070.24,229,57,Seasonal
2017-12-19,Churidhar,Polyester,Sri Lakshmi silks,731.1,1025.43,352,145,Casual
2020-12-06,Pants,Cotton,Shree Ram textiles,729.67,1061.22,478,139,Seasonal
2021-05-31,Lungi,Cotton,Shree fabrics,461.59,631.14,316,141,Casual
2020-08-23,Shirt,Cotton,Emco textiles,196.23,261.02,244,172,Seasonal
2021-07-20,Churidhar,Polyester,Vasanth textiles,757.34,1051.92,213,28,Festive
2016-05-23,Pants,Linen,Emco textiles,697.38,937.73,91,125,Workwear
2022-08-21,Lungi,Wool,Shree Ram textiles,487.65,575.08,356,95,Festive
2020-07-13,T-shirt,Cotton,Shree Ram textiles,503.56,615.32,65,67,Festive
2019-07-21,Pants,Cotton,Emco textiles,231.83,304.14,444,85,Seasonal
2022-11-18,Skirt,Silk,Shree fabrics,934.29,1161.55,153,190,Formal
2016-07-17,Cotton saree,Linen,Shree fabrics,811.23,1011.1,220,52,Seasonal
2018-03-19,Cotton saree,Wool,Emco textiles,759.2,864.41,15,21,Formal
2019-08-03,Pants,Wool,Shree Ram textiles,569.46,723.95,123,58,Seasonal
2021-09-05,Pants,Wool,Sri Lakshmi silks,970.84,1353.59,97,170,Formal
2017-09-06,Blouse piece,Silk,Sri Lakshmi silks,329.42,379.1,313,133,Festive
2019-01-19,Saree,Silk,Vasanth textiles,436.84,619.8,104,78,Formal
2021-09-21,Blouse piece,Linen,Shree Ram textiles,80.23,98.01,368,180,Seasonal
2021-09-16,Lungi,Linen,Shree fabrics,922.88,1270.9,489,15,Casual
2021-04-04,Lungi,Cotton,Shree Ram textiles,852.76,1191.23,353,195,Casual
2018-03-15,T-shirt,Wool,Vasanth textiles,378.75,433.2,147,161,Casual
2020-10-23,Churidhar,Linen,Emco textiles,830.35,1142.02,438,154,Casual
2022-07-14,Lungi,Silk,Sri Lakshmi silks,518.08,696.97,51,52,Formal
2020-06-14,Jacket,Cotton,Sri Lakshmi silks,902.07,1126.53,35,53,Casual
2018-12-16,Pants,Polyester,Emco textiles,943.55,1315.13,426,147,Festive
2019-10-07,T-shirt,Wool,Vasanth textiles,636.92,929.69,316,136,Workwear
2019-02-18,Shirt,Wool,Shree Ram textiles,494.98,636.34,217,150,Formal
2018-06-17,Saree,Linen,Vasanth textiles,976.15,1348.69,118,193,Formal
2016-07-10,Saree,Cotton,Emco textiles,267.78,301.87,164,16,Seasonal
2016-05-28,Saree,Cotton,Sri Lakshmi silks,765.14,1033.46,186,166,Seasonal
2019-04-17,Churidhar,Cotton,Sri Lakshmi silks,580.57,758.56,424,40,Casual
2017-07-23,Churidhar,Cotton,Shree fabrics,428.49,471.69,118,46,Workwear
2020-01-29,T-shirt,Wool,Sri Lakshmi silks,947.11,1148.52,214,5,Workwear
2018-02-09,Shirt,Polyester,Sri Lakshmi silks,908.25,1332.72,305,186,Festive
2021-08-10,Blouse piece,Cotton,Emco textiles,758.38,1004.09,249,192,Formal
2017-03-23,Cotton saree,Linen,Sri Lakshmi silks,917.9,1360.24,220,37,Casual
2021-11-30,Blouse piece,Polyester,Emco textiles,118.54,165.58,130,38,Casual
2020-08-22,Blouse piece,Cotton,Shree Ram textiles,104.85,127.57,63,171,Workwear
2021-02-17,Churidhar,Linen,Emco textiles,480.76,650.93,16,74,Workwear
2019-05-18,Shirt,Wool,Vasanth textiles,32.18,42.76,447,147,Seasonal
2017-11-20,Lungi,Polyester,Shree Ram textiles,729.0,1065.8,104,148,Workwear
2021-08-11,Blouse piece,Wool,Shree Ram textiles,456.92,559.42,195,144,Casual
2022-12-05,Churidhar,Cotton,Vasanth textiles,50.02,68.6,240,199,Formal
2020-11-13,Skirt,Wool,Shree fabrics,495.15,637.98,297,188,Formal
2022-10-13,Blouse piece,Linen,Vasanth textiles,857.09,1129.54,62,193,Seasonal
2017-08-30,Lungi,Silk,Shree fabrics,114.89,139.31,98,101,Workwear
2016-05-27,Shirt,Polyester,Shree Ram textiles,150.8,208.67,196,86,Casual
2020-08-06,Jacket,Cotton,Shree fabrics,52.11,66.18,208,96,Festive
2017-02-03,Blouse piece,Polyester,Sri Lakshmi silks,693.61,768.59,123,168,Casual
2017-01-21,Lungi,Silk,Emco textiles,688.94,998.26,343,20,Festive
2019-03-29,Shirt,Wool,Shree fabrics,706.76,844.53,415,193,Seasonal
2021-07-12,Churidhar,Silk,Sri Lakshmi silks,574.08,798.44,191,117,Festive
2022-11-19,Shirt,Polyester,Emco textiles,55.94,68.72,488,105,Formal
2017-01-20,Lungi,Silk,Shree fabrics,70.62,80.9,387,186,Seasonal
2022-01-27,Cotton saree,Polyester,Emco textiles,86.95,122.13,433,100,Formal
2018-09-30,Shirt,Polyester,Shree fabrics,342.56,441.11,294,186,Formal
2021-11-17,Jacket,Linen,Emco textiles,155.71,221.72,91,194,Seasonal
2016-11-22,Pants,Linen,Shree fabrics,592.74,666.68,66,48,Formal
2021-06-09,Saree,Linen,Emco textiles,751.55,1105.9,250,28,Festive
2019-03-30,Shirt,Wool,Sri Lakshmi silks,236.27,350.4,453,167,Formal
2018-01-07,Skirt,Linen,Vasanth textiles,136.39,151.11,483,10,Workwear
2017-10-02,T-shirt,Linen,Shree fabrics,697.17,952.0,20,61,Casual
2020-08-27,Churidhar,Cotton,Vasanth textiles,244.02,359.44,89,69,Workwear
2020-10-10,Shirt,Linen,Shree fabrics,708.17,907.43,328,188,Seasonal
2020-12-24,Blouse piece,Wool,Vasanth textiles,869.01,1118.07,451,81,Workwear
2019-07-26,Cotton saree,Cotton,Shree Ram textiles,299.76,361.05,33,4,Seasonal
2020-03-17,Pants,Cotton,Emco textiles,119.05,159.61,371,15,Formal
2016-08-11,Pants,Wool,Shree fabrics,95.42,125.99,334,40,Seasonal
2021-12-09,Skirt,Linen,Emco textiles,271.68,303.55,423,186,Seasonal
2021-11-23,Churidhar,Linen,Emco textiles,480.15,595.23,263,134,Workwear
2022-06-17,Saree,Linen,Shree Ram textiles,272.25,340.44,328,19,Casual
2021-07-02,Saree,Polyester,Emco textiles,766.18,1053.05,458,168,Workwear
2020-11-02,Lungi,Linen,Shree fabrics,400.36,566.08,253,57,Casual
2020-06-23,Skirt,Polyester,Shree fabrics,672.46,954.2,221,95,Seasonal
2022-02-07,Jacket,Linen,Sri Lakshmi silks,843.42,1127.17,451,200,Seasonal
2020-03-18,Blouse piece,Linen,Emco textiles,593.16,837.01,347,62,Festive
2021-05-29,Lungi,Linen,Shree fabrics,454.83,595.8,116,154,Seasonal
2022-04-25,Saree,Wool,Sri Lakshmi silks,531.87,766.8,454,132,Festive
2018-10-02,Blouse piece,Polyester,Shree fabrics,140.92,188.71,459,76,Casual
